discussion_tier,priority_score,cnae_class,cnae_name,trade_value_usd,import_value_usd,export_value_usd,trade_balance_usd,domestic_production_value_brl_thousand,external_dependency_ratio,transition_relevance,rationale
1 - discutir primeiro,0.681040578948897,0600,Extração de petróleo e gás natural,31766790202.5,3862988168.5,27903802034.0,24040813865.5,618405357.0,0.0426151355405203,True,valor comercial muito alto; forte exposi??o importadora; forte peso exportador; relevante para transi??o energ?tica
1 - discutir primeiro,0.5522089038580189,1921,Fabricação de produtos do refino de petróleo,15588614940.919106,8560947166.975705,7027667773.943399,-1533279393.0323057,1339756264.0,0.0342432874416608,True,valor comercial muito alto; forte exposi??o importadora; forte peso exportador; relevante para transi??o energ?tica
1 - discutir primeiro,0.39529196242245124,2910,"Fabricação de automóveis, camionetas e utilitários",13639861901.650316,9953955984.112017,3685905917.5383,-6268050066.573717,275770861.0,0.1733765768024902,True,valor comercial muito alto; forte exposi??o importadora; forte peso exportador; relevante para transi??o energ?tica
1 - discutir primeiro,0.38802377396194543,2442,Metalurgia dos metais preciosos,5658678971.0,816020059.0,4842658912.0,4026638853.0,26149428.0,0.9914970738426808,True,valor comercial alto; forte peso exportador; depend?ncia externa muito alta; relevante para transi??o energ?tica
1 - discutir primeiro,0.3285996174211277,3042,"Fabricação de turbinas, motores e outros componentes e peças para aeronaves",3358055873.8729897,2313132579.206856,1044923294.6661336,-1268209284.5407224,7529893.0,0.8680653550040355,True,valor comercial alto; depend?ncia externa muito alta; relevante para transi??o energ?tica
1 - discutir primeiro,0.31117230329860934,2012,Fabricação de intermediários para fertilizantes,6318993075.768375,6268623160.327027,50369915.4413484,-6218253244.885679,32832866.0,0.5093370433849793,True,valor comercial alto; forte exposi??o importadora; depend?ncia externa alta; relevante para transi??o energ?tica
1 - discutir primeiro,0.3076129327403859,2029,Fabricação de produtos químicos orgânicos não especificados anteriormente,6570097189.5356245,5578865061.521033,991232128.0145912,-4587632933.506442,38736647.0,0.4739214669081569,True,valor comercial alto; forte exposi??o importadora; depend?ncia externa alta; relevante para transi??o energ?tica
1 - discutir primeiro,0.3007182573629854,2610,Fabricação de componentes eletrônicos,4453685576.556623,4368866051.725076,84819524.8315473,-4284046526.893529,14583189.0,0.6251386013410476,True,valor comercial alto; forte exposi??o importadora; depend?ncia externa muito alta; relevante para transi??o energ?tica
2 - discutir na rodada seguinte,0.2749705051657302,0500,Extração de carvão mineral,1335937810.0,1335854826.0,82984.0,-1335771842.0,2241383.0,0.7627104441247546,True,depend?ncia externa muito alta; relevante para transi??o energ?tica
2 - discutir na rodada seguinte,0.2728687301207667,1910,Coquerias,422537849.0,411490396.0,11047453.0,-400442943.0,516898.0,0.829105341852113,True,depend?ncia externa muito alta; relevante para transi??o energ?tica
2 - discutir na rodada seguinte,0.2698853083204217,3011,Construção de embarcações e estruturas flutuantes,2508898704.0,2498875862.0,10022842.0,-2488853020.0,7756556.0,0.6362705906065627,True,depend?ncia externa muito alta; relevante para transi??o energ?tica
2 - discutir na rodada seguinte,0.2607899303822305,2651,"Fabricação de aparelhos e equipamentos de medida, teste e controle",2442354764.181008,2146930667.457467,295424096.72354084,-1851506570.7339263,9395590.0,0.5973640810987934,True,depend?ncia externa alta; relevante para transi??o energ?tica
2 - discutir na rodada seguinte,0.25579358270226593,2864,"Fabricação de máquinas e equipamentos para as indústrias do vestuário, do couro e de calçados",299089771.0,275613375.0,23476396.0,-252136979.0,611528.0,0.7539678043394723,True,depend?ncia externa muito alta; relevante para transi??o energ?tica
2 - discutir na rodada seguinte,0.2543638124245995,2815,Fabricação de equipamentos de transmissão para fins industriais,1904793801.0,1556953771.0,347840030.0,-1209113741.0,7203917.0,0.6117341293783752,True,depend?ncia externa muito alta; relevante para transi??o energ?tica
2 - discutir na rodada seguinte,0.25002911824361873,2670,"Fabricação de equipamentos e instrumentos ópticos, fotográficos e cinematográficos",124121817.3513976,121546817.95499387,2574999.3964037364,-118971818.55859014,244489.0,0.7397201366697377,True,depend?ncia externa muito alta; relevante para transi??o energ?tica
2 - discutir na rodada seguinte,0.2457093470255144,2660,Fabricação de aparelhos eletromédicos e eletroterapêuticos e equipamentos de irradiação,631935085.1549568,605370558.3451257,26564526.80983118,-578806031.5352945,1713238.0,0.6752282508032813,True,depend?ncia externa muito alta; relevante para transi??o energ?tica
2 - discutir na rodada seguinte,0.23304448739642342,0710,Extração de minério de ferro,13441326624.0,7427863.0,13433898761.0,13426470898.0,216812669.0,0.0002773300751991,False,valor comercial muito alto; forte peso exportador
2 - discutir na rodada seguinte,0.2325325921960049,2863,Fabricação de máquinas e equipamentos para a indústria têxtil,147017288.96878526,140381996.55380717,6635292.414978085,-133746704.13882908,442951.0,0.6502293431611407,True,depend?ncia externa muito alta; relevante para transi??o energ?tica
2 - discutir na rodada seguinte,0.2280152921976146,0891,"Extração de minerais para fabricação de adubos, fertilizantes e outros produtos químicos",515069780.2880016,409332208.9950473,105737571.29295433,-303594637.702093,2061294.0,0.5967977377261069,True,depend?ncia externa alta; relevante para transi??o energ?tica
2 - discutir na rodada seguinte,0.22490947071249717,2829,Fabricação de máquinas e equipamentos de uso geral não especificados anteriormente,2520420226.5515203,2021022200.3347163,499398026.216804,-1521624174.1179123,18616587.0,0.4062972733295745,True,depend?ncia externa alta; relevante para transi??o energ?tica
2 - discutir na rodada seguinte,0.21413857847940937,2811,"Fabricação de motores e turbinas, exceto para aviões e veículos rodoviários",714767694.3764977,616580604.264134,98187090.11236368,-518393514.1517704,3728752.0,0.5096020871141559,True,depend?ncia externa alta; relevante para transi??o energ?tica
2 - discutir na rodada seguinte,0.2114811751926128,2840,Fabricação de máquinas-ferramenta,1292109466.0,1069664654.0,222444812.0,-847219842.0,8360008.0,0.4461282409149684,True,depend?ncia externa alta; relevante para transi??o energ?tica
2 - discutir na rodada seguinte,0.2110377498688912,2031,Fabricação de resinas termoplásticas,3721209666.0532975,3036578988.0217934,684630678.0315042,-2351948309.990289,68256894.0,0.2022925405222195,True,valor comercial alto; forte exposi??o importadora; relevante para transi??o energ?tica
2 - discutir na rodada seguinte,0.2033217764460331,2631,Fabricação de equipamentos transmissores de comunicação,1222043034.4815,1109285470.3850648,112757564.09643498,-996527906.28863,9229336.0,0.4096032587852352,True,depend?ncia externa alta; relevante para transi??o energ?tica
2 - discutir na rodada seguinte,0.2024907588785385,2121,Fabricação de medicamentos para uso humano,7295092547.778677,6837488358.092604,457604189.6860732,-6379884168.40653,67164746.0,0.3629968986517551,False,valor comercial alto; forte exposi??o importadora; depend?ncia externa alta
2 - discutir na rodada seguinte,0.20249067408117377,2813,"Fabricação de válvulas, registros e dispositivos semelhantes",1162931951.7672482,906099444.4527928,256832507.31445536,-649266937.1383374,8353664.0,0.412138323268708,True,depend?ncia externa alta; relevante para transi??o energ?tica
2 - discutir na rodada seguinte,0.19814283515461895,2721,"Fabricação de pilhas, baterias e acumuladores elétricos, exceto para veículos automotores",409348097.95167434,352280163.2896596,57067934.66201474,-295212228.62764484,2579225.0,0.4554049086253741,True,depend?ncia externa alta; relevante para transi??o energ?tica
2 - discutir na rodada seguinte,0.19087220504051636,1710,Fabricação de celulose e outras pastas para a fabricação de papel,5239247949.0,86644976.0,5152602973.0,5065957997.0,68808155.0,0.0112596710929513,True,valor comercial alto; forte peso exportador; relevante para transi??o energ?tica
2 - discutir na rodada seguinte,0.19000938070058312,2866,Fabricação de máquinas e equipamentos para a indústria do plástico,147222698.41881776,138930576.23159668,8292122.187221087,-130638454.0443756,1009076.0,0.4371895864364113,True,depend?ncia externa alta; relevante para transi??o energ?tica
2 - discutir na rodada seguinte,0.1883951380908225,3031,"Fabricação de locomotivas, vagões e outros materiais rodantes",310767521.0,191348534.0,119418987.0,-71929547.0,2094258.0,0.4156774498800551,True,depend?ncia externa alta; relevante para transi??o energ?tica
2 - discutir na rodada seguinte,0.18719324827153347,2722,Fabricação de baterias e acumuladores para veículos automotores,342190418.0483258,291575695.7103405,50614722.33798528,-240960973.3723552,2571529.0,0.4061648964912323,True,depend?ncia externa alta; relevante para transi??o energ?tica
2 - discutir na rodada seguinte,0.182285637688565,0729,Extração de minerais metálicos não-ferrosos não especificados anteriormente,4360069685.0,241215948.0,4118853737.0,3877637789.0,47816821.0,0.0483356006842951,True,valor comercial alto; forte peso exportador; relevante para transi??o energ?tica
2 - discutir na rodada seguinte,0.18095325759426523,2441,Metalurgia do alumínio e suas ligas,3445928716.0,1046995753.0,2398932963.0,1351937210.0,119585346.0,0.0502727968321219,True,valor comercial alto; relevante para transi??o energ?tica
2 - discutir na rodada seguinte,0.1554658749900916,1011,"Abate de reses, exceto suínos",8632868470.441137,156549557.46039066,8476318912.980746,8319769355.520355,167609283.0,0.0068767813852733,False,valor comercial alto; forte peso exportador
2 - discutir na rodada seguinte,0.15184789049869718,2622,Fabricação de periféricos para equipamentos de informática,3082477589.864879,2967382417.007361,115095172.8575184,-2852287244.1498427,17104425.0,0.4925554663167273,False,valor comercial alto; depend?ncia externa alta
2 - discutir na rodada seguinte,0.13376554343531555,1012,"Abate de suínos, aves e outros pequenos animais",6710008365.958618,96119674.712053,6613888691.246565,6517769016.534512,221135172.0,0.0027865762715107,False,valor comercial alto; forte peso exportador
2 - discutir na rodada seguinte,0.11549894023360824,1041,"Fabricação de óleos vegetais em bruto, exceto óleo de milho",6292453639.60242,413919480.2966353,5878534159.305784,5464614679.009149,93146356.0,0.0350474731824946,False,valor comercial alto; forte peso exportador
2 - discutir na rodada seguinte,0.08177751864260112,1071,Fabricação de açúcar em bruto,3981495526.184889,89358753.16501978,3892136773.019869,3802778019.854848,144050686.0,0.0038999534353621,False,valor comercial alto; forte peso exportador
2 - discutir na rodada seguinte,0.054079474802936275,1013,Fabricação de produtos de carne,3077395440.2537217,46822629.31198831,3030572810.9417334,2983750181.629745,39708934.0,0.0106885252204633,False,valor comercial alto; forte peso exportador
3 - monitorar,0.21605095724152745,3041,Fabricação de aeronaves,2953885896.6308126,1156343485.001516,1797542411.6292963,641198926.6277804,22128583.0,0.3339374640882188,True,depend?ncia externa alta; relevante para transi??o energ?tica
3 - monitorar,0.20623343713314043,2443,Metalurgia do cobre,2392658827.0,1988613969.0,404044858.0,-1584569111.0,25191688.0,0.31784237944875,True,depend?ncia externa alta; relevante para transi??o energ?tica
3 - monitorar,0.20595121262611926,2942,Fabricação de peças e acessórios para os sistemas de marcha e transmissão de veículos automotores,1704267820.8812137,1548483894.180928,155783926.7002857,-1392699967.4806423,14503144.0,0.3793031365364515,True,depend?ncia externa alta; relevante para transi??o energ?tica
3 - monitorar,0.2006568690653827,2945,"Fabricação de material elétrico e eletrônico para veículos automotores, exceto baterias",2088465688.2197685,1766953215.8300734,321512472.38969505,-1445440743.4403782,22299009.0,0.3166014667698203,True,depend?ncia externa alta; relevante para transi??o energ?tica
3 - monitorar,0.1947700238111975,2852,"Fabricação de outras máquinas e equipamentos para uso na extração mineral, exceto na extração de petróleo",990540835.0899175,864783294.9692101,125757540.12070736,-739025754.8485028,8065409.0,0.3869568062998075,True,depend?ncia externa alta; relevante para transi??o energ?tica
3 - monitorar,0.18909740766595073,2710,"Fabricação de geradores, transformadores e motores elétricos",2948470079.0,1763628320.0,1184841759.0,-578786561.0,51985169.0,0.1725676498700005,True,relevante para transi??o energ?tica
3 - monitorar,0.18709536670167093,2869,Fabricação de máquinas e equipamentos para uso industrial específico não especificados anteriormente,817672883.951125,686488382.7479539,131184501.20317112,-555303881.5447828,7186801.0,0.3635746276808825,True,depend?ncia externa alta; relevante para transi??o energ?tica
3 - monitorar,0.18671799797862698,2814,Fabricação de compressores,1054931199.3927636,578478167.5871727,476453031.8055909,-102025135.78158182,8521463.0,0.3438389016412878,True,depend?ncia externa alta; relevante para transi??o energ?tica
3 - monitorar,0.18537402278154885,2740,Fabricação de lâmpadas e outros equipamentos de iluminação,337422311.0,316694387.0,20727924.0,-295966463.0,2704096.0,0.3971256516245703,True,depend?ncia externa alta; relevante para transi??o energ?tica
3 - monitorar,0.1850097507110655,2790,Fabricação de equipamentos e aparelhos elétricos não especificados anteriormente,822689999.5575718,597621356.8383034,225068642.71926835,-372552714.1190351,7105740.0,0.3535428352404698,True,depend?ncia externa alta; relevante para transi??o energ?tica
3 - monitorar,0.18232536771553354,2822,"Fabricação de máquinas, equipamentos e aparelhos para transporte e elevação de cargas e pessoas",1376707056.0090592,1206169508.5766563,170537547.43240285,-1035631961.1442536,17121196.0,0.2864385760792681,True,relevante para transi??o energ?tica
3 - monitorar,0.18037922523811606,2941,Fabricação de peças e acessórios para o sistema motor de veículos automotores,2093308513.6971884,1403255223.4686594,690053290.228529,-713201933.2401304,32100934.0,0.2104897070038865,True,relevante para transi??o energ?tica
3 - monitorar,0.17860931392249196,2821,Fabricação de aparelhos e equipamentos para instalações térmicas,340202723.2020165,247666541.92248315,92536181.2795333,-155130360.64294985,2836836.0,0.3635481590364101,True,depend?ncia externa alta; relevante para transi??o energ?tica
3 - monitorar,0.17536365347239222,2211,Fabricação de pneumáticos e de câmaras-de-ar,1881825625.0,1203707097.0,678118528.0,-525588569.0,28785664.0,0.2052650409743435,True,relevante para transi??o energ?tica
3 - monitorar,0.17487800317937588,2812,"Fabricação de equipamentos hidráulicos e pneumáticos, exceto válvulas",917679140.6998425,748497704.3395574,169181436.36028507,-579316267.9792724,10702017.0,0.2919137344664739,True,relevante para transi??o energ?tica
3 - monitorar,0.17069067899697254,2865,"Fabricação de máquinas e equipamentos para as indústrias de celulose, papel e papelão e artefatos",152242178.0,126344031.0,25898147.0,-100445884.0,1462152.0,0.3399857168424059,True,depend?ncia externa alta; relevante para transi??o energ?tica
3 - monitorar,0.17028225854166615,2861,"Fabricação de máquinas para a indústria metalúrgica, exceto máquinas-ferramenta",98728579.0,70337674.0,28390905.0,-41946769.0,880120.0,0.3428208165760629,True,depend?ncia externa alta; relevante para transi??o energ?tica
3 - monitorar,0.16868373758814934,1422,"Fabricação de artigos do vestuário, produzidos em malharias e tricotagens, exceto meias",131262825.0,127409199.0,3853626.0,-123555573.0,159026.0,0.8324763105045608,False,depend?ncia externa muito alta
3 - monitorar,0.1669931144367738,2732,Fabricação de material elétrico para instalações em circuito de consumo,871712756.112358,759460412.7800363,112252343.33232167,-647208069.4477147,12605569.0,0.2544231091607743,True,relevante para transi??o energ?tica
3 - monitorar,0.1668423612411111,2621,Fabricação de equipamentos de informática,1014178143.0,968946391.0,45231752.0,-923714639.0,16960138.0,0.2381211796223989,True,relevante para transi??o energ?tica
3 - monitorar,0.164782857401856,2219,Fabricação de artefatos de borracha não especificados anteriormente,951082551.8485626,773511745.6009225,177570806.2476401,-595940939.3532823,14463051.0,0.2359526727359684,True,relevante para transi??o energ?tica
3 - monitorar,0.16189963477923294,2110,Fabricação de produtos farmoquímicos,1367888149.2437978,1293108441.058307,74779708.18549085,-1218328732.872816,3471758.0,0.6943986876814541,False,depend?ncia externa muito alta
3 - monitorar,0.1617774123903848,2522,"Fabricação de caldeiras geradoras de vapor, exceto para aquecimento central e para veículos",200577703.0,171669762.0,28907941.0,-142761821.0,2413984.0,0.290740092911278,True,relevante para transi??o energ?tica
3 - monitorar,0.16171867757991149,2449,Metalurgia dos metais não-ferrosos e suas ligas não especificados anteriormente,930198868.9905586,496047651.80024,434151217.1903187,-61896434.60992128,11468132.0,0.2266331466101779,True,relevante para transi??o energ?tica
3 - monitorar,0.16066557538575765,2032,Fabricação de resinas termofixas,772289034.5652542,643133545.6894205,129155488.87583378,-513978056.8135867,12212506.0,0.2314344124828884,True,relevante para transi??o energ?tica
3 - monitorar,0.1604151947061031,2949,Fabricação de peças e acessórios para veículos automotores não especificados anteriormente,1865265514.3714247,1473802428.7643738,391463085.6070509,-1082339343.157323,83278502.0,0.0891747908139511,True,relevante para transi??o energ?tica
3 - monitorar,0.1596245638482462,2592,Fabricação de produtos de trefilados de metal,1126656010.1169574,914206166.4911958,212449843.62576157,-701756322.8654343,22128469.0,0.1902341630904038,True,relevante para transi??o energ?tica
3 - monitorar,0.1583302013094438,2920,Fabricação de caminhões e ônibus,2139049842.7196207,933739839.4022936,1205310003.317327,271570163.91503334,95569324.0,0.0535012957937015,True,relevante para transi??o energ?tica
3 - monitorar,0.15803955082544083,2422,Produção de laminados planos de aço,1814485345.5311024,1299642489.236276,514842856.29482657,-784799632.9414496,74531299.0,0.0889719467270738,True,relevante para transi??o energ?tica
3 - monitorar,0.15761548713328902,2731,Fabricação de aparelhos e equipamentos para distribuição e controle de energia elétrica,916025956.887642,730115446.2199637,185910510.66767836,-544204935.5522853,16603691.0,0.201493681296103,True,relevante para transi??o energ?tica
3 - monitorar,0.15731033402838085,2011,Fabricação de cloro e álcalis,391160794.9144729,389264470.9779604,1896323.936512464,-387368147.041448,6322868.0,0.2495279645621993,True,relevante para transi??o energ?tica
3 - monitorar,0.15702033803944734,2640,"Fabricação de aparelhos de recepção, reprodução, gravação e amplificação de áudio e vídeo",1069397407.3393185,1002184792.3573472,67212614.9819713,-934972177.375376,25235073.0,0.1784817909037784,True,relevante para transi??o energ?tica
3 - monitorar,0.15312451016255438,2421,Produção de semi-acabados de aço,2570205273.525574,193594382.57341307,2376610890.9521613,2183016508.3787484,74868510.0,0.0165436273359975,True,relevante para transi??o energ?tica
3 - monitorar,0.15161136996631197,2831,Fabricação de tratores agrícolas,895005091.6820322,620816063.019548,274189028.66248417,-346627034.3570639,17447858.0,0.1732914812707689,True,relevante para transi??o energ?tica
3 - monitorar,0.1488094328639892,2319,Fabricação de artigos de vidro,333349995.5174232,256755734.4905116,76594261.0269116,-180161473.4636,5528512.0,0.2129911732871694,True,relevante para transi??o energ?tica
3 - monitorar,0.14734319830554488,2439,Produção de outros tubos de ferro e aço,356187306.8061075,330076281.0513214,26111025.754786134,-303965255.29653525,7165101.0,0.2021534641448088,True,relevante para transi??o energ?tica
3 - monitorar,0.14668938931252107,2412,Produção de ferroligas,2405157315.0,108106306.0,2297051009.0,2188944703.0,31554123.0,0.0295125377365605,True,relevante para transi??o energ?tica
3 - monitorar,0.14587105015592552,3092,Fabricação de bicicletas e triciclos não-motorizados,146520216.0,143434647.0,3085569.0,-140349078.0,2837816.0,0.215157767961452,True,relevante para transi??o energ?tica
3 - monitorar,0.14440193651294403,2013,Fabricação de adubos e fertilizantes,1145684239.732879,1038328295.9509676,107355943.7819114,-930972352.1690562,102553393.0,0.052045325619861,True,relevante para transi??o energ?tica
3 - monitorar,0.14376821400201661,2221,Fabricação de laminados planos e tubulares de material plástico,1080059717.0,839917830.0,240141887.0,-599775943.0,41887840.0,0.1003693605888217,True,relevante para transi??o energ?tica
3 - monitorar,0.1412891296394477,3012,Construção de embarcações para esporte e lazer,98485304.0,75648363.0,22836941.0,-52811422.0,1784101.0,0.1971602622314811,True,relevante para transi??o energ?tica
3 - monitorar,0.14062874254749658,2823,Fabricação de máquinas e aparelhos de refrigeração e ventilação para uso industrial e comercial,431391931.28428,333726550.4160142,97665380.86826582,-236061169.5477484,9911053.0,0.1608972830776804,True,relevante para transi??o energ?tica
3 - monitorar,0.1392831846741511,2824,Fabricação de aparelhos e equipamentos de ar condicionado,571767968.0,525703583.0,46064385.0,-479639198.0,18263883.0,0.1359514544193333,True,relevante para transi??o energ?tica
3 - monitorar,0.1392019521542387,2022,"Fabricação de intermediários para plastificantes, resinas e fibras",509586216.521125,456586023.5854986,53000192.935626425,-403585830.6498722,15022300.0,0.1431478067035008,True,relevante para transi??o energ?tica
3 - monitorar,0.1385987016936375,3091,Fabricação de motocicletas,815630795.5783839,698631467.429869,116999328.1485149,-581632139.2813542,34091986.0,0.1011877158409247,True,relevante para transi??o energ?tica
3 - monitorar,0.13823230492920244,2944,Fabricação de peças e acessórios para o sistema de direção e suspensão de veículos automotores,715093396.9588681,552967118.4092469,162126278.5496212,-390840839.8596257,23644685.0,0.1157811193594015,True,relevante para transi??o energ?tica
3 - monitorar,0.13727944246781448,2853,"Fabricação de tratores, exceto agrícolas",276913439.64758205,191946561.7898985,84966877.85768354,-106979683.932215,5899881.0,0.1597999272717381,True,relevante para transi??o energ?tica
3 - monitorar,0.1358919954621578,2399,Fabricação de produtos de minerais não-metálicos não especificados anteriormente,532573894.48759913,381423298.6271379,151150595.8604612,-230272702.7666767,15161796.0,0.1253786870625941,True,relevante para transi??o energ?tica
3 - monitorar,0.13421372917928487,2550,"Fabricação de equipamento bélico pesado, armas de fogo e munições",181503748.0,132896217.0,48607531.0,-84288686.0,4219338.0,0.1533173985715243,True,relevante para transi??o energ?tica
3 - monitorar,0.13349979231937936,2862,"Fabricação de máquinas e equipamentos para as indústrias de alimentos, bebidas e fumo",312947049.2895882,212753646.64267397,100193402.64691427,-112560243.99575968,7788490.0,0.1366425415691729,True,relevante para transi??o energ?tica
3 - monitorar,0.13307912162922025,2851,Fabricação de máquinas e equipamentos para a prospecção e extração de petróleo,283675214.7598017,162881550.60471094,120793664.15509076,-42087886.44962019,6120613.0,0.1383619997504637,True,relevante para transi??o energ?tica
3 - monitorar,0.13291427162532643,3220,Fabricação de instrumentos musicais,57735015.0,55950118.0,1784897.0,-54165221.0,165253.0,0.6596884499554877,False,depend?ncia externa muito alta
3 - monitorar,0.13126126181166864,2021,Fabricação de produtos petroquímicos básicos,650925585.9946074,497793184.33932686,153132401.6552806,-344660782.68404627,31577774.0,0.0802755570577534,True,relevante para transi??o energ?tica
3 - monitorar,0.13069030004499704,2943,Fabricação de peças e acessórios para o sistema de freios de veículos automotores,527596860.23822236,357328548.23075044,170268312.00747192,-187060236.2232785,18807422.0,0.0972303199243491,True,relevante para transi??o energ?tica
3 - monitorar,0.1293491493212081,2541,Fabricação de artigos de cutelaria,106602530.25538436,57239620.40795286,49362909.847431496,-7876710.560521364,2215608.0,0.1366811795873154,True,relevante para transi??o energ?tica
3 - monitorar,0.1291106126972727,1922,"Fabricação de produtos derivados do petróleo, exceto produtos do refino",695801043.0808944,474917121.0242941,220883922.05660027,-254033198.96769387,42707934.0,0.0580965336762735,True,relevante para transi??o energ?tica
3 - monitorar,0.12733578273157736,2091,Fabricação de adesivos e selantes,155159909.0,120662070.0,34497839.0,-86164231.0,4936397.0,0.1204614524084227,True,relevante para transi??o energ?tica
3 - monitorar,0.12683495214603185,2599,Fabricação de produtos de metal não especificados anteriormente,610494204.9536511,413597845.1138153,196896359.8398358,-216701485.2739795,37809764.0,0.057214672478495,True,relevante para transi??o energ?tica
3 - monitorar,0.12681980956168076,2733,"Fabricação de fios, cabos e condutores elétricos isolados",605381782.5145073,403665435.36100256,201716347.15350467,-201949088.2074979,35698124.0,0.0591667794007938,True,relevante para transi??o energ?tica
3 - monitorar,0.12531334022701526,3102,Fabricação de móveis com predominância de metal,181092088.41801605,152204606.31494296,28887482.103073087,-123317124.21186988,7033555.0,0.1066040780315775,True,relevante para transi??o energ?tica
3 - monitorar,0.124916774045643,2532,Produção de artefatos estampados de metal; metalurgia do pó,337381973.17733264,246823049.4825044,90558923.69482826,-156264125.7876761,14518950.0,0.0866368094526369,True,relevante para transi??o energ?tica
3 - monitorar,0.12405064508551061,2751,"Fabricação de fogões, refrigeradores e máquinas de lavar e secar para uso doméstico",424429607.08276033,363287480.2518557,61142126.83090467,-302145353.420951,28870191.0,0.064225992813963,True,relevante para transi??o energ?tica
3 - monitorar,0.12401036904051978,1931,Fabricação de álcool,432794147.5474719,207100290.43510407,225693857.1123678,18593566.677263737,101117277.0,0.0110544547594015,True,relevante para transi??o energ?tica
3 - monitorar,0.12395785744247169,2521,"Fabricação de tanques, reservatórios metálicos e caldeiras para aquecimento central",85006608.0,58824243.0,26182365.0,-32641878.0,2682018.0,0.1109792331263082,True,relevante para transi??o energ?tica
3 - monitorar,0.12309999527587975,3032,Fabricação de peças e acessórios para veículos ferroviários,87236197.0,76976757.0,10259440.0,-66717317.0,3566206.0,0.1057222428650521,True,relevante para transi??o energ?tica
3 - monitorar,0.12290102303255832,2061,Fabricação de sabões e detergentes sintéticos,640937114.20648,216819021.90079767,424118092.3056824,207299070.40488464,27310874.0,0.0446335487612069,True,relevante para transi??o energ?tica
3 - monitorar,0.1217705148245668,2930,"Fabricação de cabines, carrocerias e reboques para veículos automotores",553027814.6047318,258117537.752045,294910276.8526868,36792739.10064182,36308038.0,0.0385429893770219,True,relevante para transi??o energ?tica
3 - monitorar,0.1196601740270916,2593,Fabricação de artigos de metal para uso doméstico e pessoal,113599604.2824357,83909948.02240194,29689656.26003376,-54220291.76236819,5003591.0,0.0854320717601063,True,relevante para transi??o energ?tica
3 - monitorar,0.11880610734465052,2222,Fabricação de embalagens de material plástico,366253007.0,234872397.0,131380610.0,-103491787.0,58373569.0,0.021489926585761,True,relevante para transi??o energ?tica
3 - monitorar,0.11869149601522211,2825,Fabricação de máquinas e equipamentos para saneamento básico e ambiental,51434680.92677702,40820452.56332441,10614228.363452615,-30206224.19987179,2351328.0,0.0875445447707766,True,relevante para transi??o energ?tica
3 - monitorar,0.11728141756905505,2431,Produção de tubos de aço com costura,233194111.19389245,179964903.94867858,53229207.245213866,-126735696.70346472,16973750.0,0.0549565354594978,True,relevante para transi??o energ?tica
3 - monitorar,0.1168849080823903,3103,"Fabricação de móveis de outros materiais, exceto madeira e metal",54718396.03450666,39078034.207063325,15640361.827443335,-23437672.37961999,2570969.0,0.0781173197749512,True,relevante para transi??o energ?tica
3 - monitorar,0.11678479443403009,0899,Extração de minerais não-metálicos não especificados anteriormente,176238775.05107576,37395916.0049537,138842859.04612204,101446943.04116836,3518860.0,0.0678496354549165,True,relevante para transi??o energ?tica
3 - monitorar,0.11509345129899073,2071,"Fabricação de tintas, vernizes, esmaltes e lacas",307223604.0,160552960.0,146670644.0,-13882316.0,39792133.0,0.0217148122162702,True,relevante para transi??o energ?tica
3 - monitorar,0.11455054579772182,2411,Produção de ferro-gusa,803987898.5683593,99256.0,803888642.5683593,803789386.5683593,17056679.0,4.20659707649891e-05,True,relevante para transi??o energ?tica
3 - monitorar,0.11289694278537707,2341,Fabricação de produtos cerâmicos refratários,109698779.25582178,65914993.11694296,43783786.13887882,-22131206.978064142,6898338.0,0.0506456853250503,True,relevante para transi??o energ?tica
3 - monitorar,0.11283991774529475,2312,Fabricação de embalagens de vidro,84628135.0,70787386.0,13840749.0,-56946637.0,7018226.0,0.0521053874155063,True,relevante para transi??o energ?tica
3 - monitorar,0.11204529455982218,1521,"Fabricação de artigos para viagem, bolsas e semelhantes de qualquer material",273265545.3849304,264941820.5494156,8323724.835514759,-256618095.7139008,1277848.0,0.536746474298866,False,depend?ncia externa alta
3 - monitorar,0.11186884079739437,2311,Fabricação de vidro plano e de segurança,148891061.0,95701763.0,53189298.0,-42512465.0,13572633.0,0.0373881059504646,True,relevante para transi??o energ?tica
3 - monitorar,0.11184950028572824,2511,Fabricação de estruturas metálicas,188532388.34607852,122935725.76747176,65596662.57860675,-57339063.18886501,28067811.0,0.0233594731877102,True,relevante para transi??o energ?tica
3 - monitorar,0.11156442629755865,2391,Aparelhamento e outros trabalhos em pedras,523215339.0,10120062.0,513095277.0,502975215.0,6698374.0,0.0136886870697645,True,relevante para transi??o energ?tica
3 - monitorar,0.11066013709690148,0892,Extração e refino de sal marinho e sal-gema,28953221.0,18979107.0,9974114.0,-9004993.0,2019329.0,0.0494880976529027,True,relevante para transi??o energ?tica
3 - monitorar,0.11038956741508787,0810,"Extração de pedra, areia e argila",282909089.33047324,46480466.771325774,236428622.55914745,189948155.78782165,28932351.0,0.0089802958249076,True,relevante para transi??o energ?tica
3 - monitorar,0.1099500785450215,2531,Produção de forjados de aço e de metais não-ferrosos e suas ligas,20072593.740224402,14569079.534331398,5503514.205893005,-9065565.328438394,1625069.0,0.0469289276006697,True,relevante para transi??o energ?tica
3 - monitorar,0.10903215247277945,1932,"Fabricação de biocombustíveis, exceto álcool",133094519.27030694,40126430.71405732,92968088.55624963,52841657.84219232,39630155.0,0.0054990743678436,True,relevante para transi??o energ?tica
3 - monitorar,0.10794932466392253,2451,Fundição de ferro e aço,53030471.0,43060910.0,9969561.0,-33091349.0,7615192.0,0.0297916864591976,True,relevante para transi??o energ?tica
3 - monitorar,0.1075023080483947,3099,Fabricação de equipamentos de transporte não especificados anteriormente,20759995.475385796,14856784.822331034,5903210.653054762,-8953574.169276271,2298389.0,0.0341369388071788,True,relevante para transi??o energ?tica
3 - monitorar,0.10737307399229751,2832,Fabricação de equipamentos para irrigação agrícola,29846552.85575693,21768044.380295444,8078508.475461485,-13689535.90483396,3619925.0,0.0317763754664389,True,relevante para transi??o energ?tica
3 - monitorar,0.10722326199883776,2330,"Fabricação de artefatos de concreto, cimento, fibrocimento, gesso e materiais semelhantes",48315030.626487374,39420247.81543293,8894782.81105445,-30525465.00437848,35320899.0,0.005989901511822,True,relevante para transi??o energ?tica
3 - monitorar,0.10693524352362171,2320,Fabricação de cimento,50002870.0,46448333.0,3554537.0,-42893796.0,30064524.0,0.0082668253781349,True,relevante para transi??o energ?tica
3 - monitorar,0.10665726538911595,2342,Fabricação de produtos cerâmicos não-refratários para uso estrutural na construção,201986382.0,10582148.0,191404234.0,180822086.0,20472570.0,0.0029264722936187,True,relevante para transi??o energ?tica
3 - monitorar,0.10524858341435075,2014,Fabricação de gases industriais,38803589.58943387,28751406.45477882,10052183.13465505,-18699223.32012377,9586904.0,0.0160025140506713,True,relevante para transi??o energ?tica
3 - monitorar,0.10433090563419477,2512,Fabricação de esquadrias de metal,19678017.494171612,15445208.320990097,4232809.173181513,-11212399.147808583,5042386.0,0.0163204714079699,True,relevante para transi??o energ?tica
3 - monitorar,0.10312337978733073,2452,Fundição de metais não-ferrosos e suas ligas,11861729.937086727,5127784.676019712,6733945.261067015,1606160.5850473028,2116048.0,0.0131200817492407,True,relevante para transi??o energ?tica
3 - monitorar,0.10296828576137516,2392,Fabricação de cal e gesso,14836631.74417822,10435923.88305704,4400707.8611211805,-6035216.021935859,6169443.0,0.0090730094834804,True,relevante para transi??o energ?tica
3 - monitorar,0.10244963476830049,3314,Manutenção e reparação de máquinas e equipamentos da indústria mecânica,0.0,0.0,0.0,0.0,16510829.0,0.0,True,relevante para transi??o energ?tica
3 - monitorar,0.10235846988772782,0721,Extração de minério de alumínio,79603397.0,1777071.0,77826326.0,76049255.0,5117736.0,0.0020353976828792,True,relevante para transi??o energ?tica
3 - monitorar,0.10189967590411995,3313,Manutenção e reparação de máquinas e equipamentos elétricos,0.0,0.0,0.0,0.0,12804041.0,0.0,True,relevante para transi??o energ?tica
3 - monitorar,0.10158557111463913,0723,Extração de minério de manganês,40612203.0,470813.0,40141390.0,39670577.0,805237.0,0.0042930681794518,True,relevante para transi??o energ?tica
3 - monitorar,0.10086436217238824,0893,Extração de gemas (pedras preciosas e semipreciosas),56312415.0,2709633.0,53602782.0,50893149.0,126277.0,,True,relevante para transi??o energ?tica
3 - monitorar,0.10056652504138211,3317,Manutenção e reparação de embarcações,0.0,0.0,0.0,0.0,3818446.0,0.0,True,relevante para transi??o energ?tica
3 - monitorar,0.10036184170113313,3321,Instalação de máquinas e equipamentos industriais,0.0,0.0,0.0,0.0,2438856.0,0.0,True,relevante para transi??o energ?tica
3 - monitorar,0.10005472292386441,3315,Manutenção e reparação de veículos ferroviários,0.0,0.0,0.0,0.0,368839.0,0.0,True,relevante para transi??o energ?tica
3 - monitorar,0.1000540620112157,3250,Fabricação de instrumentos e materiais para uso médico e odontológico e de artigos ópticos,1852464972.78499,1546261430.8486283,306203541.93636185,-1240057888.9122667,18121507.0,0.3360808451016085,False,depend?ncia externa alta
3 - monitorar,0.10002215539631296,2950,Recondicionamento e recuperação de motores para veículos automotores,0.0,0.0,0.0,0.0,149330.0,0.0,True,relevante para transi??o energ?tica
3 - monitorar,0.09775166872710243,2040,Fabricação de fibras artificiais e sintéticas,662060492.3245488,609415302.217311,52645190.10723776,-556770112.1100732,4621974.0,0.4309993981096579,False,depend?ncia externa alta
3 - monitorar,0.09549832599475078,2122,Fabricação de medicamentos para uso veterinário,921794051.3146572,853045972.5418942,68748078.77276295,-784297893.7691312,7376375.0,0.3963386466254016,False,depend?ncia externa alta
3 - monitorar,0.0935282093909356,1539,Fabricação de calçados de materiais não especificados anteriormente,154616089.7109352,131081945.37380834,23534144.337126862,-107547801.03668147,975827.0,0.4543189070461973,False,depend?ncia externa alta
3 - monitorar,0.08690711577240308,2052,Fabricação de desinfestantes domissanitários,376304420.1501006,350811604.52090466,25492815.629195917,-325318788.89170873,2958039.0,0.4014253620846447,False,depend?ncia externa alta
3 - monitorar,0.08144480706245581,2543,Fabricação de ferramentas,825069652.2055297,621849241.7145293,203220410.49100047,-418628831.2235288,7755821.0,0.3348642925933338,False,depend?ncia externa alta
3 - monitorar,0.07857091511235778,1313,Fiação de fibras artificiais e sintéticas,170848827.67545122,167158622.78268898,3690204.89276224,-163468417.88992673,1505308.0,0.3776384805421885,False,depend?ncia externa alta
3 - monitorar,0.07817052586181597,2854,"Fabricação de máquinas e equipamentos para terraplenagem, pavimentação e construção, exceto tratores",2466728397.946668,894781387.4197899,1571947010.5268784,677165623.1070884,30995895.0,0.1764397467960146,False,baixo peso relativo na triagem inicial
3 - monitorar,0.07640640485841096,2051,Fabricação de defensivos agrícolas,1906697843.7957268,1727744300.1763108,178953543.61941606,-1548790756.5568948,38968438.0,0.1968747880980278,False,baixo peso relativo na triagem inicial
3 - monitorar,0.07639145797602755,2652,Fabricação de cronômetros e relógios,141489450.0,140408724.0,1080726.0,-139327998.0,1298790.0,0.3693014958434398,False,depend?ncia externa alta
3 - monitorar,0.07316424713833929,3230,Fabricação de artefatos para pesca e esporte,235737296.0,227230683.0,8506613.0,-218724070.0,2375827.0,0.3446317193583305,False,depend?ncia externa alta
3 - monitorar,0.07267213134756624,2099,Fabricação de produtos químicos não especificados anteriormente,1338278015.077658,838876562.0364233,499401453.0412347,-339475108.99518865,16684219.0,0.2443054515001599,False,baixo peso relativo na triagem inicial
3 - monitorar,0.07217813198060198,2033,Fabricação de elastômeros,378965435.0,307289942.0,71675493.0,-235614449.0,3791753.0,0.3273113659424842,False,depend?ncia externa alta
3 - monitorar,0.06209193421791663,3292,Fabricação de equipamentos e acessórios para segurança e proteção pessoal e profissional,244735232.01017615,235541749.45420328,9193482.555972882,-226348266.8982304,3190520.0,0.2879271729684819,False,baixo peso relativo na triagem inicial
3 - monitorar,0.06157637690647359,2019,Fabricação de produtos químicos inorgânicos não especificados anteriormente,1568424187.5014858,992219587.227934,576204600.273552,-416014986.95438194,31283049.0,0.1595785546489216,False,baixo peso relativo na triagem inicial
3 - monitorar,0.05802015907240013,1112,Fabricação de vinho,286880767.0,274915511.0,11965256.0,-262950255.0,4211026.0,0.2633480607713378,False,baixo peso relativo na triagem inicial
3 - monitorar,0.05605427864325797,2123,Fabricação de preparações farmacêuticas,131055163.99166481,102792150.9627448,28263013.02892001,-74529137.93382479,1662980.0,0.2684257880307373,False,baixo peso relativo na triagem inicial
3 - monitorar,0.05455164127549924,1323,Tecelagem de fios de fibras artificiais e sintéticas,523158005.48431736,498783270.7320734,24374734.75224395,-474408535.9798295,9522615.0,0.2226246988537455,False,baixo peso relativo na triagem inicial
3 - monitorar,0.053490438639726114,3240,Fabricação de brinquedos e jogos recreativos,179616005.0,173134643.0,6481362.0,-166653281.0,2827345.0,0.2505526725112899,False,baixo peso relativo na triagem inicial
3 - monitorar,0.053284964030932566,1020,Preservação do pescado e fabricação de produtos do pescado,591975216.7037997,429533163.1498884,162442053.5539113,-267091109.5959771,9498931.0,0.2117223255926324,False,baixo peso relativo na triagem inicial
3 - monitorar,0.05228448064764683,1412,"Confecção de peças do vestuário, exceto roupas íntimas",1209641139.3910475,1139074475.4429772,70566663.94807033,-1068507811.4949068,40907891.0,0.1316048774072567,False,baixo peso relativo na triagem inicial
3 - monitorar,0.05208155103730448,2093,Fabricação de aditivos de uso industrial,1401034262.4560885,756876087.7659277,644158174.6901608,-112717913.07576692,31743451.0,0.1261494000055533,False,baixo peso relativo na triagem inicial
3 - monitorar,0.05203649678810824,1529,Fabricação de artefatos de couro não especificados anteriormente,26266498.615069695,22384562.450584453,3881936.164485241,-18502626.28609921,368476.0,0.257767994098333,False,baixo peso relativo na triagem inicial
3 - monitorar,0.05175466147346604,2094,Fabricação de catalisadores,250882078.9047109,191684041.9047109,59198037.0,-132486004.90471086,3669275.0,0.2357773516811631,False,baixo peso relativo na triagem inicial
3 - monitorar,0.04930195397282521,2542,"Fabricação de artigos de serralheria, exceto esquadrias",340289509.0,302775887.0,37513622.0,-265262265.0,6195975.0,0.2140721091936633,False,baixo peso relativo na triagem inicial
3 - monitorar,0.04885329102339266,2759,Fabricação de aparelhos eletrodomésticos não especificados anteriormente,523358204.57763463,469385321.7847507,53972882.792883925,-415412438.9918668,10848677.0,0.193369464949283,False,baixo peso relativo na triagem inicial
3 - monitorar,0.04778335424529293,2632,Fabricação de aparelhos telefônicos e de outros equipamentos de comunicação,1042761404.5699576,1020633543.9500456,22127860.619911987,-998505683.3301336,39031519.0,0.1239043841006012,False,baixo peso relativo na triagem inicial
3 - monitorar,0.04687444656019783,1414,"Fabricação de acessórios do vestuário, exceto para segurança e proteção",71195514.11053668,55088163.60835284,16107350.502183843,-38980813.10616899,1093738.0,0.227801964782355,False,baixo peso relativo na triagem inicial
3 - monitorar,0.044947607874631146,3299,Fabricação de produtos diversos não especificados anteriormente,441792447.6050034,313448081.20177233,128344366.40323108,-185103714.79854125,8231327.0,0.1831229967028797,False,baixo peso relativo na triagem inicial
3 - monitorar,0.04366175659603979,1311,Preparação e fiação de fibras de algodão,2838028455.0,35163172.0,2802865283.0,2767702111.0,8129573.0,,False,baixo peso relativo na triagem inicial
3 - monitorar,0.04292568077797058,2229,Fabricação de artefatos de material plástico não especificados anteriormente,1026620650.024548,826697244.1172187,199923405.9073293,-626773838.2098894,40693528.0,0.1011402535358623,False,baixo peso relativo na triagem inicial
3 - monitorar,0.03973303613798949,1031,Fabricação de conservas de frutas,1017837210.26605,321344999.99739754,696492210.2686524,375147210.2712549,18293334.0,0.1064929618144278,False,baixo peso relativo na triagem inicial
3 - monitorar,0.03833754915061044,1721,Fabricação de papel,1373591497.96824,408581896.347334,965009601.620906,556427705.273572,45045566.0,0.0523977752450782,False,baixo peso relativo na triagem inicial
3 - monitorar,0.0382901275219376,1352,Fabricação de artefatos de tapeçaria,66594564.0,57074673.0,9519891.0,-47554782.0,1407304.0,0.1849755506404495,False,baixo peso relativo na triagem inicial
3 - monitorar,0.038220433930959676,2833,"Fabricação de máquinas e equipamentos para a agricultura e pecuária, exceto para irrigação",1175932929.144243,497525410.6197045,678407518.5245385,180882107.904834,39181382.0,0.0702156877538263,False,baixo peso relativo na triagem inicial
3 - monitorar,0.038126682340749826,1354,"Fabricação de tecidos especiais, inclusive artefatos",457867763.4082995,362521961.392186,95345802.01611352,-267176159.37607247,12080367.0,0.1445696595282864,False,baixo peso relativo na triagem inicial
3 - monitorar,0.038115380869196275,1032,Fabricação de conservas de legumes e outros vegetais,447474145.95717067,401597242.55426943,45876903.40290123,-355720339.1513682,13096298.0,0.1442232984068958,False,baixo peso relativo na triagem inicial
3 - monitorar,0.0373597832689718,2423,Produção de laminados longos de aço,1028676514.7104417,649341155.3893739,379335359.3210678,-270005796.0683061,50659172.0,0.0671832428906003,False,baixo peso relativo na triagem inicial
3 - monitorar,0.03712744811990997,1111,Fabricação de aguardentes e outras bebidas destiladas,205391564.7244283,190481183.3721988,14910381.352229506,-175570802.01996928,5283643.0,0.1648514039928627,False,baixo peso relativo na triagem inicial
3 - monitorar,0.03383275905108044,1421,Fabricação de meias,62035810.0,57120757.0,4915053.0,-52205704.0,1609457.0,0.1628789096596334,False,baixo peso relativo na triagem inicial
3 - monitorar,0.03284613389466777,2072,Fabricação de tintas de impressão,94359719.0,82581784.0,11777935.0,-70803849.0,2497161.0,0.1546690254190554,False,baixo peso relativo na triagem inicial
3 - monitorar,0.03106517065778491,1052,Fabricação de laticínios,649139866.0,605412125.0,43727741.0,-561684384.0,90377420.0,0.0349484056132503,False,baixo peso relativo na triagem inicial
3 - monitorar,0.03057048048601477,2349,Fabricação de produtos cerâmicos não-refratários não especificados anteriormente,169833771.0,137058193.0,32775578.0,-104282615.0,4894186.0,0.1354389704411579,False,baixo peso relativo na triagem inicial
3 - monitorar,0.03003406339498771,1330,Fabricação de tecidos de malha,299974865.0,268445954.0,31528911.0,-236917043.0,11050004.0,0.1174178908148579,False,baixo peso relativo na triagem inicial
3 - monitorar,0.02999054349801295,1066,Fabricação de alimentos para animais,487728628.79585516,220245569.6999457,267483059.09590945,47237489.39596373,139124797.0,0.0085516443548185,False,baixo peso relativo na triagem inicial
3 - monitorar,0.029909570447469575,3291,"Fabricação de escovas, pincéis e vassouras",94086250.0,77494369.0,16591881.0,-60902488.0,2657794.0,0.1399281728095246,False,baixo peso relativo na triagem inicial
3 - monitorar,0.029902963353412346,1042,"Fabricação de óleos vegetais refinados, exceto óleo de milho",560569131.8443005,395227841.85927874,165341289.98502174,-229886551.874257,23174858.0,0.0872875834365036,False,baixo peso relativo na triagem inicial
3 - monitorar,0.02857536437914926,2063,"Fabricação de cosméticos, produtos de perfumaria e de higiene pessoal",803609190.4634192,378979207.2933761,424629983.1700431,45650775.87666696,42682602.0,0.0481534586260508,False,baixo peso relativo na triagem inicial
3 - monitorar,0.027659443865075045,1314,Fabricação de linhas para costurar e bordar,49527320.22922655,18106275.43352393,31421044.79570262,13314769.362178689,801141.0,0.1338584420591108,False,baixo peso relativo na triagem inicial
3 - monitorar,0.027482031936161562,3211,Lapidação de gemas e fabricação de artefatos de ourivesaria e joalheria,214032108.0,67724586.0,146307522.0,78582936.0,3511183.0,0.1182757831660466,False,baixo peso relativo na triagem inicial
3 - monitorar,0.026070817460504818,2424,"Produção de relaminados, trefilados e perfilados de aço",617263848.1924441,391215970.9966093,226047877.1958348,-165168093.8007745,68171742.0,0.030544042524903,False,baixo peso relativo na triagem inicial
3 - monitorar,0.026041443550041822,1099,Fabricação de produtos alimentícios não especificados anteriormente,729590537.91214,310714980.89871603,418875557.013424,108160576.11470796,37456959.0,0.0454355714061855,False,baixo peso relativo na triagem inicial
3 - monitorar,0.025561750614851438,1351,Fabricação de artefatos têxteis para uso doméstico,109470078.53184599,100338462.07457247,9131616.45727351,-91206845.61729896,4183296.0,0.115725515030582,False,baixo peso relativo na triagem inicial
3 - monitorar,0.025272148780901577,1033,"Fabricação de sucos de frutas, hortaliças e legumes",1210926721.7410576,44123689.40650397,1166803032.3345537,1122679342.9280496,37835469.0,0.0074858696306092,False,baixo peso relativo na triagem inicial
3 - monitorar,0.024094121723707503,1353,Fabricação de artefatos de cordoaria,50976403.0,26561413.0,24414990.0,-2146423.0,1228001.0,0.1155392906436179,False,baixo peso relativo na triagem inicial
3 - monitorar,0.02399723582932159,1093,"Fabricação de produtos derivados do cacau, de chocolates e confeitos",677465444.0,277808202.0,399657242.0,121849040.0,45372515.0,0.0334994838192832,False,baixo peso relativo na triagem inicial
3 - monitorar,0.023733609439089434,1811,"Impressão de jornais, livros, revistas e outras publicações periódicas",105087852.0,72014105.0,33073747.0,-38940358.0,3394633.0,0.1077237981439475,False,baixo peso relativo na triagem inicial
3 - monitorar,0.023343675267727987,1413,Confecção de roupas profissionais,85589398.15593769,80986555.34771684,4602842.808220848,-76383712.53949599,3671029.0,0.1069538179718036,False,baixo peso relativo na triagem inicial
3 - monitorar,0.022114442460724124,1830,Reprodução de materiais gravados em qualquer suporte,10993959.5,8804040.0,2189919.5,-6614120.5,398322.0,0.1093850617546484,False,baixo peso relativo na triagem inicial
3 - monitorar,0.02200088644325922,1629,"Fabricação de artefatos de madeira, palha, cortiça, vime e material trançado não especificados anteriormente, exceto móveis",62868494.344711885,39636993.27284868,23231501.071863204,-16405492.200985476,1975996.0,0.1035253059118252,False,baixo peso relativo na triagem inicial
3 - monitorar,0.018756298434795194,1210,Processamento industrial do fumo,952578729.8958321,22025194.53416003,930553535.361672,908528340.827512,16726685.0,0.0100406957631743,False,baixo peso relativo na triagem inicial
3 - monitorar,0.017767792336124102,1043,Fabricação de margarina e outras gorduras vegetais e de óleos não-comestíveis de animais,174553696.17059344,144822942.3763287,29730753.794264723,-115092188.582064,11144327.0,0.0663743193202645,False,baixo peso relativo na triagem inicial
3 - monitorar,0.017757554915131542,1113,"Fabricação de malte, cervejas e chopes",318062253.2473468,204383195.0,113679058.24734683,-90704136.75265317,61486058.0,0.0177819287848891,False,baixo peso relativo na triagem inicial
3 - monitorar,0.01618598709712172,1359,Fabricação de outros produtos têxteis não especificados anteriormente,91465689.69554034,73937076.50558996,17528613.18995037,-56408463.31563959,5434177.0,0.0694748711153101,False,baixo peso relativo na triagem inicial
3 - monitorar,0.015827806742070898,1722,Fabricação de cartolina e papel-cartão,183395145.03176004,69762047.65266599,113633097.37909403,43871049.72642806,6499590.0,0.0600600158172096,False,baixo peso relativo na triagem inicial
3 - monitorar,0.015790897710177977,1061,Beneficiamento de arroz e fabricação de produtos do arroz,327156294.0813509,176573460.71515304,150582833.36619785,-25990627.348955184,34080874.0,0.0278217025681347,False,baixo peso relativo na triagem inicial
3 - monitorar,0.0156896072240408,1082,Fabricação de produtos à base de café,614096691.9804426,17830210.27363736,596266481.7068052,578436271.4331678,6611310.0,0.027528788144061,False,baixo peso relativo na triagem inicial
3 - monitorar,0.015359589376862468,1411,Confecção de roupas íntimas,111745498.0,93448377.0,18297121.0,-75151256.0,7725448.0,0.0619721951299063,False,baixo peso relativo na triagem inicial
3 - monitorar,0.014512458701124874,1122,Fabricação de refrigerantes e de outras bebidas não-alcoólicas,211579653.37382627,108572082.7789144,103007570.59491187,-5564512.184002519,62774300.0,0.0093213740266649,False,baixo peso relativo na triagem inicial
3 - monitorar,0.0137925924875654,1610,Desdobramento de madeira,734254195.2353414,7712252.749936409,726541942.485405,718829689.7354685,12251657.0,0.0049648998555746,False,baixo peso relativo na triagem inicial
3 - monitorar,0.01358686265009857,1621,"Fabricação de madeira laminada e de chapas de madeira compensada, prensada e aglomerada",592544114.0,19569388.0,572974726.0,553405338.0,25335754.0,0.0047208068612828,False,baixo peso relativo na triagem inicial
3 - monitorar,0.013111447568074502,1531,Fabricação de calçados de couro,222350149.05479035,74117027.19120088,148233121.86358947,74116094.67238858,10196977.0,0.0407906760174062,False,baixo peso relativo na triagem inicial
3 - monitorar,0.012836223978375885,1312,"Preparação e fiação de fibras têxteis naturais, exceto algodão",28603948.861183867,8583088.964154756,20020859.89702911,11437770.932874354,815782.0,0.0613706124293693,False,baixo peso relativo na triagem inicial
3 - monitorar,0.011787671453215626,1510,Curtimento e outras preparações de couro,524169043.0,18547892.0,505621151.0,487073259.0,11845737.0,0.0108477995193353,False,baixo peso relativo na triagem inicial
3 - monitorar,0.01171004319454294,2223,Fabricação de tubos e acessórios de material plástico para uso na construção,106179507.21946435,87250956.51532716,18928550.704137195,-68322405.81118996,10871548.0,0.0418559535752496,False,baixo peso relativo na triagem inicial
3 - monitorar,0.011636607332329393,1533,Fabricação de calçados de material sintético,289981055.698414,76174318.04093625,213806737.65747777,137632419.6165415,20781838.0,0.0204959502902854,False,baixo peso relativo na triagem inicial
3 - monitorar,0.011375804030177074,2092,Fabricação de explosivos,60034673.40105183,32944451.401051827,27090222.0,-5854229.401051827,3557655.0,0.0494917989686047,False,baixo peso relativo na triagem inicial
3 - monitorar,0.01084063715988223,1072,Fabricação de açúcar refinado,627792916.6592934,844058.4918980544,626948858.1673954,626104799.6754973,8687009.0,0.0008569273179959,False,baixo peso relativo na triagem inicial
3 - monitorar,0.010578102350830083,3101,Fabricação de móveis com predominância de madeira,339048414.20389456,31374355.54630522,307674058.6575893,276299703.1112841,28318614.0,0.0063055752449746,False,baixo peso relativo na triagem inicial
3 - monitorar,0.010444740193564119,2591,Fabricação de embalagens metálicas,185406818.0,80489442.0,104917376.0,24427934.0,33133603.0,0.0131507739726896,False,baixo peso relativo na triagem inicial
3 - monitorar,0.010158047938168435,1749,"Fabricação de produtos de pastas celulósicas, papel, cartolina, papel-cartão e papelão ondulado não especificados anteriormente",47282183.53332414,29388639.50038496,17893544.03293918,-11495095.467445776,3505181.0,0.0444229843191447,False,baixo peso relativo na triagem inicial
3 - monitorar,0.010042013586795604,1065,Fabricação de amidos e féculas de vegetais e de óleos de milho,243087247.5716216,49044505.41931234,194042742.15230924,144998236.73299688,12656043.0,0.0222708503349537,False,baixo peso relativo na triagem inicial
3 - monitorar,0.009813262507826293,1322,"Tecelagem de fios de fibras têxteis naturais, exceto algodão",7716157.673763199,7068557.855660588,647599.8181026109,-6420958.037557976,761598.0,0.0478684050084886,False,baixo peso relativo na triagem inicial
3 - monitorar,0.00968583935583013,2073,"Fabricação de impermeabilizantes, solventes e produtos afins",94005053.0,66713013.0,27292040.0,-39420973.0,10712186.0,0.0329268691766165,False,baixo peso relativo na triagem inicial
3 - monitorar,0.009406630343699538,1321,Tecelagem de fios de algodão,133499033.28449884,71065288.5277555,62433744.75674334,-8631543.771012157,15108261.0,0.0252847356311967,False,baixo peso relativo na triagem inicial
3 - monitorar,0.009000740347051164,2062,Fabricação de produtos de limpeza e polimento,62003687.490856975,45073256.214165404,16930431.276691567,-28142824.93747384,6798431.0,0.0349682747668926,False,baixo peso relativo na triagem inicial
3 - monitorar,0.008426062946995534,1092,Fabricação de biscoitos e bolachas,145451412.35912794,58439523.23704462,87011889.1220833,28572365.88503869,22548018.0,0.0140710669222148,False,baixo peso relativo na triagem inicial
3 - monitorar,0.008319106887530703,1532,Fabricação de tênis de qualquer material,48269464.53586042,25650832.39405453,22618632.141805887,-3032200.252248645,3952029.0,0.0348529487995555,False,baixo peso relativo na triagem inicial
3 - monitorar,0.008284514678312933,1062,Moagem de trigo e fabricação de derivados,68780046.8088983,55673694.28061998,13106352.528278325,-42567341.75234166,37621244.0,0.0079309738714711,False,baixo peso relativo na triagem inicial
3 - monitorar,0.00819838717755958,1220,Fabricação de produtos do fumo,130003955.70976987,23069151.344791297,106934804.36497858,83865653.02018729,4993261.0,0.0273921377746524,False,baixo peso relativo na triagem inicial
3 - monitorar,0.006882267890182807,1742,Fabricação de produtos de papel para usos doméstico e higiênico-sanitário,101176114.81556493,42099243.97027418,59076870.84529076,16977626.875016578,21353098.0,0.010676538186565,False,baixo peso relativo na triagem inicial
3 - monitorar,0.0068274090889847774,1540,"Fabricação de partes para calçados, de qualquer material",66838558.0,25812355.0,41026203.0,15213848.0,5717736.0,0.0246962337899803,False,baixo peso relativo na triagem inicial
3 - monitorar,0.006423868052272378,1622,Fabricação de estruturas de madeira e de artigos de carpintaria para construção,153446699.01907283,14745458.133120405,138701240.8859524,123955782.752832,5498726.0,0.0164600232204161,False,baixo peso relativo na triagem inicial
3 - monitorar,0.006299485329486133,1095,"Fabricação de especiarias, molhos, temperos e condimentos",65175261.0,42885740.0,22289521.0,-20596219.0,19697104.0,0.0116740073920856,False,baixo peso relativo na triagem inicial
3 - monitorar,0.006247144441625914,1741,"Fabricação de produtos de papel, cartolina, papel-cartão e papelão ondulado para uso comercial e de escritório",37813665.88039669,25741349.78017589,12072316.100220798,-13669033.679955097,5718450.0,0.0239630676780954,False,baixo peso relativo na triagem inicial
3 - monitorar,0.006210180146297475,1813,Impressão de materiais para outros usos,33905919.37234348,25905505.448413868,8000413.923929615,-17905091.524484254,5704423.0,0.024079241764966,False,baixo peso relativo na triagem inicial
3 - monitorar,0.005851619950281231,1081,Torrefação e moagem de café,61170033.01955734,37177324.72636264,23992708.293194707,-13184616.43316793,17509146.0,0.0114026177351606,False,baixo peso relativo na triagem inicial
3 - monitorar,0.005777925258286232,1051,Preparação do leite,1191720.0,0.0,1191720.0,1191720.0,38823901.0,0.0,False,baixo peso relativo na triagem inicial
3 - monitorar,0.005448486425713125,0910,Atividades de apoio à extração de petróleo e gás natural,0.0,0.0,0.0,0.0,36723445.0,0.0,False,baixo peso relativo na triagem inicial
3 - monitorar,0.005357330262948193,1094,Fabricação de massas alimentícias,51647399.983609706,32084478.29540534,19562921.688204363,-12521556.607200976,14090051.0,0.012219614784264,False,baixo peso relativo na triagem inicial
3 - monitorar,0.005321838387474224,1733,Fabricação de chapas e de embalagens de papelão ondulado,34444188.889911816,17053167.14620653,17391021.74370528,337854.59749874845,27750610.0,0.0033136924454702,False,baixo peso relativo na triagem inicial
3 - monitorar,0.005294920145033087,1064,"Fabricação de farinha de milho e derivados, exceto óleos de milho",180375738.41259265,8468218.802243873,171907519.6103488,163439300.80810493,11793339.0,0.0041844273601824,False,baixo peso relativo na triagem inicial
3 - monitorar,0.005133192696473943,0724,Extração de minério de metais preciosos,312003160.0,154.0,312003006.0,312002852.0,3180270.0,5.54339521666368e-07,False,baixo peso relativo na triagem inicial
3 - monitorar,0.0036979403515486156,1091,Fabricação de produtos de panificação,18104545.66561653,5320906.277390864,12783639.388225667,7462733.110834803,21217896.0,0.0013547491122877,False,baixo peso relativo na triagem inicial
3 - monitorar,0.003667973007338953,1731,Fabricação de embalagens de papel,55715972.13723992,12121828.456751944,43594143.680487975,31472315.223736037,8973357.0,0.0074243109710972,False,baixo peso relativo na triagem inicial
3 - monitorar,0.0034159437418786664,1732,Fabricação de embalagens de cartolina e papel-cartão,21729056.271041244,11601421.740909662,10127634.530131584,-1473787.210778078,15146214.0,0.0041279126540387,False,baixo peso relativo na triagem inicial
3 - monitorar,0.003407603106276307,1096,Fabricação de alimentos e pratos prontos,24135718.42592571,8148779.151886763,15986939.274038944,7838160.1221521795,3546360.0,0.012539137371562,False,baixo peso relativo na triagem inicial
3 - monitorar,0.00321357399817368,3212,Fabricação de bijuterias e artefatos semelhantes,2867229.360145797,1994536.0309374584,872693.3292083389,-1121842.7017291193,695877.0,0.0153215157814747,False,baixo peso relativo na triagem inicial
3 - monitorar,0.0026510100113995684,2513,Fabricação de obras de caldeiraria pesada,5254317.420118512,3549548.6661450034,1704768.753973508,-1844779.9121714956,1637196.0,0.0116196482263482,False,baixo peso relativo na triagem inicial
3 - monitorar,0.002612891415079473,1821,Serviços de pré-impressão,2337499.0,1699498.0,638001.0,-1061497.0,737534.0,0.012329130976089,False,baixo peso relativo na triagem inicial
3 - monitorar,0.0020933539365771306,1053,Fabricação de sorvetes e outros gelados comestíveis,26947540.0,4323244.0,22624296.0,18301052.0,5254394.0,0.0045213909953125,False,baixo peso relativo na triagem inicial
3 - monitorar,0.0020908217368051122,1069,Moagem e fabricação de produtos de origem vegetal não especificados anteriormente,18015393.885066792,4773246.052423545,13242147.832643248,8468901.780219704,7685649.0,0.0033687789459924,False,baixo peso relativo na triagem inicial
3 - monitorar,0.001971000883290467,3104,Fabricação de colchões,17963513.0,3890970.0,14072543.0,10181573.0,7766582.0,0.0027205699523611,False,baixo peso relativo na triagem inicial
3 - monitorar,0.001596652818938303,1812,Impressão de material de segurança,5460149.915742717,3450467.927157147,2009681.9885855697,-1440785.9385715772,4166772.0,0.0044567724752888,False,baixo peso relativo na triagem inicial
3 - monitorar,0.0015560319929469278,1063,Fabricação de farinha de mandioca e derivados,2818923.5019518007,768194.1811304749,2050729.3208213255,1282535.1396908509,9614532.0,0.0004311282922463,False,baixo peso relativo na triagem inicial
3 - monitorar,0.0015398491176646639,1623,Fabricação de artefatos de tanoaria e de embalagens de madeira,20078866.0,2330252.0,17748614.0,15418362.0,3938270.0,0.0032592268507342,False,baixo peso relativo na triagem inicial
3 - monitorar,0.0010786877174956849,1121,Fabricação de águas envasadas,448268.498692696,181943.3517542126,266325.14693848335,84381.79518427074,7035397.0,0.0001394526723997,False,baixo peso relativo na triagem inicial
3 - monitorar,0.0010213265303264008,2539,"Serviços de usinagem, solda, tratamento e revestimento em metais",0.0,0.0,0.0,0.0,6883862.0,0.0,False,baixo peso relativo na triagem inicial
3 - monitorar,0.0009278064456045639,0722,Extração de minério de estanho,22788432.0,438420.0,22350012.0,21911592.0,1334729.0,0.0019431233790938,False,baixo peso relativo na triagem inicial
3 - monitorar,0.0006106169951306076,1340,"Acabamentos em fios, tecidos e artefatos têxteis",0.0,0.0,0.0,0.0,4115631.0,0.0,False,baixo peso relativo na triagem inicial
3 - monitorar,0.0005257697473941597,2212,Reforma de pneumáticos usados,251333.0,250883.0,450.0,-250433.0,2883655.0,0.0004688951982034,False,baixo peso relativo na triagem inicial
3 - monitorar,0.0003051382483369564,3329,Instalação de equipamentos não especificados anteriormente,0.0,0.0,0.0,0.0,2056668.0,0.0,False,baixo peso relativo na triagem inicial
3 - monitorar,0.00016545317034685089,3311,"Manutenção e reparação de tanques, reservatórios metálicos e caldeiras, exceto para veículos",0.0,0.0,0.0,0.0,1115174.0,0.0,False,baixo peso relativo na triagem inicial
3 - monitorar,0.00015418066849815905,3319,Manutenção e reparação de equipamentos e produtos não especificados anteriormente,0.0,0.0,0.0,0.0,1039196.0,0.0,False,baixo peso relativo na triagem inicial
3 - monitorar,0.00014196471144854289,3312,Manutenção e reparação de equipamentos eletrônicos e ópticos,0.0,0.0,0.0,0.0,956859.0,0.0,False,baixo peso relativo na triagem inicial
3 - monitorar,0.00010267593723687734,0990,"Atividades de apoio à extração de minerais, exceto petróleo e gás natural",0.0,0.0,0.0,0.0,692048.0,0.0,False,baixo peso relativo na triagem inicial
3 - monitorar,6.664882667313145e-05,1822,Serviços de acabamentos gráficos,0.0,0.0,0.0,0.0,449221.0,0.0,False,baixo peso relativo na triagem inicial
3 - monitorar,,3511,,428962308.0,385148866.0,43813442.0,-341335424.0,,,False,baixo peso relativo na triagem inicial
3 - monitorar,,3520,,213565537.5,213559271.5,6266.0,-213553005.5,,,False,baixo peso relativo na triagem inicial
3 - monitorar,,3050,Fabricação de veículos militares de combate,26465982.0,26465982.0,0.0,-26465982.0,,,True,relevante para transi??o energ?tica
3 - monitorar,,2680,"Fabricação de mídias virgens, magnéticas e ópticas",1391231.5,1165952.0,225279.5,-940672.5,,,False,baixo peso relativo na triagem inicial
3 - monitorar,,3600,,212105.5,28427.5,183678.0,155250.5,,,False,baixo peso relativo na triagem inicial
3 - monitorar,,0725,Extração de minerais radioativos,0.0,0.0,0.0,0.0,,,True,relevante para transi??o energ?tica
3 - monitorar,,3316,Manutenção e reparação de aeronaves,0.0,0.0,0.0,0.0,,,True,relevante para transi??o energ?tica
