cnae_key,cnae_class,tsb_associated,tsb_cnae5_count,tsb_cnae5_list,tsb_scn67_list,tsb_setor_scn67_list,tsb_exposicao_scn67_max,tsb_grupo_exposicao,tsb_leitura_tecnica
1,0500,False,0,,,,0.0,Sem exposicao TSB direta,
2,0600,False,0,,,,0.0,Sem exposicao TSB direta,
3,0710,True,1,07103,0791,"Extração de minério de ferro, inclusive beneficiamentos e a aglomeração",1.0,Alta exposicao TSB,Exposição integral no recorte CNAE–SCN utilizado.
4,0721,True,1,07219,0792,"Extração de minerais metálicos não-ferrosos, inclusive beneficiamentos",0.4672,Exposicao intermediaria TSB,"Exposição parcial, relevante para minerais estratégicos e transição."
5,0722,False,0,,,,0.0,Sem exposicao TSB direta,
6,0723,False,0,,,,0.0,Sem exposicao TSB direta,
7,0724,False,0,,,,0.0,Sem exposicao TSB direta,
8,0725,False,0,,,,0.0,Sem exposicao TSB direta,
9,0729,True,1,07294,0792,"Extração de minerais metálicos não-ferrosos, inclusive beneficiamentos",0.4672,Exposicao intermediaria TSB,"Exposição parcial, relevante para minerais estratégicos e transição."
10,0810,False,0,,,,0.0,Sem exposicao TSB direta,
11,0891,False,0,,,,0.0,Sem exposicao TSB direta,
12,0892,False,0,,,,0.0,Sem exposicao TSB direta,
13,0893,False,0,,,,0.0,Sem exposicao TSB direta,
14,0899,True,1,08991,0580,Extração de carvão mineral e de minerais não-metálicos,0.1463,Exposicao intermediaria TSB,Exposição marginal no agregado do setor.
15,0910,False,0,,,,0.0,Sem exposicao TSB direta,
16,0990,True,1,09904,0580,Extração de carvão mineral e de minerais não-metálicos,0.1463,Exposicao intermediaria TSB,Exposição marginal no agregado do setor.
17,1011,False,0,,,,0.0,Sem exposicao TSB direta,
18,1012,False,0,,,,0.0,Sem exposicao TSB direta,
19,1013,False,0,,,,0.0,Sem exposicao TSB direta,
20,1020,False,0,,,,0.0,Sem exposicao TSB direta,
21,1031,False,0,,,,0.0,Sem exposicao TSB direta,
22,1032,False,0,,,,0.0,Sem exposicao TSB direta,
23,1033,False,0,,,,0.0,Sem exposicao TSB direta,
24,1041,False,0,,,,0.0,Sem exposicao TSB direta,
25,1042,False,0,,,,0.0,Sem exposicao TSB direta,
26,1043,False,0,,,,0.0,Sem exposicao TSB direta,
27,1051,False,0,,,,0.0,Sem exposicao TSB direta,
28,1052,False,0,,,,0.0,Sem exposicao TSB direta,
29,1053,False,0,,,,0.0,Sem exposicao TSB direta,
30,1061,False,0,,,,0.0,Sem exposicao TSB direta,
31,1062,False,0,,,,0.0,Sem exposicao TSB direta,
32,1063,False,0,,,,0.0,Sem exposicao TSB direta,
33,1064,False,0,,,,0.0,Sem exposicao TSB direta,
34,1065,False,0,,,,0.0,Sem exposicao TSB direta,
35,1066,False,0,,,,0.0,Sem exposicao TSB direta,
36,1069,False,0,,,,0.0,Sem exposicao TSB direta,
37,1071,False,0,,,,0.0,Sem exposicao TSB direta,
38,1072,False,0,,,,0.0,Sem exposicao TSB direta,
39,1081,False,0,,,,0.0,Sem exposicao TSB direta,
40,1082,False,0,,,,0.0,Sem exposicao TSB direta,
41,1091,False,0,,,,0.0,Sem exposicao TSB direta,
42,1092,False,0,,,,0.0,Sem exposicao TSB direta,
43,1093,False,0,,,,0.0,Sem exposicao TSB direta,
44,1094,False,0,,,,0.0,Sem exposicao TSB direta,
45,1095,False,0,,,,0.0,Sem exposicao TSB direta,
46,1096,False,0,,,,0.0,Sem exposicao TSB direta,
47,1099,False,0,,,,0.0,Sem exposicao TSB direta,
48,1111,False,0,,,,0.0,Sem exposicao TSB direta,
49,1112,False,0,,,,0.0,Sem exposicao TSB direta,
50,1113,False,0,,,,0.0,Sem exposicao TSB direta,
51,1121,False,0,,,,0.0,Sem exposicao TSB direta,
52,1122,False,0,,,,0.0,Sem exposicao TSB direta,
53,1210,False,0,,,,0.0,Sem exposicao TSB direta,
54,1220,False,0,,,,0.0,Sem exposicao TSB direta,
55,1311,False,0,,,,0.0,Sem exposicao TSB direta,
56,1312,False,0,,,,0.0,Sem exposicao TSB direta,
57,1313,False,0,,,,0.0,Sem exposicao TSB direta,
58,1314,False,0,,,,0.0,Sem exposicao TSB direta,
59,1321,False,0,,,,0.0,Sem exposicao TSB direta,
60,1322,False,0,,,,0.0,Sem exposicao TSB direta,
61,1323,False,0,,,,0.0,Sem exposicao TSB direta,
62,1330,False,0,,,,0.0,Sem exposicao TSB direta,
63,1340,False,0,,,,0.0,Sem exposicao TSB direta,
64,1351,False,0,,,,0.0,Sem exposicao TSB direta,
65,1352,False,0,,,,0.0,Sem exposicao TSB direta,
66,1353,False,0,,,,0.0,Sem exposicao TSB direta,
67,1354,False,0,,,,0.0,Sem exposicao TSB direta,
68,1359,False,0,,,,0.0,Sem exposicao TSB direta,
69,1411,False,0,,,,0.0,Sem exposicao TSB direta,
70,1412,False,0,,,,0.0,Sem exposicao TSB direta,
71,1413,False,0,,,,0.0,Sem exposicao TSB direta,
72,1414,False,0,,,,0.0,Sem exposicao TSB direta,
73,1421,False,0,,,,0.0,Sem exposicao TSB direta,
74,1422,False,0,,,,0.0,Sem exposicao TSB direta,
75,1510,False,0,,,,0.0,Sem exposicao TSB direta,
76,1521,False,0,,,,0.0,Sem exposicao TSB direta,
77,1529,False,0,,,,0.0,Sem exposicao TSB direta,
78,1531,False,0,,,,0.0,Sem exposicao TSB direta,
79,1532,False,0,,,,0.0,Sem exposicao TSB direta,
80,1533,False,0,,,,0.0,Sem exposicao TSB direta,
81,1539,False,0,,,,0.0,Sem exposicao TSB direta,
82,1540,False,0,,,,0.0,Sem exposicao TSB direta,
83,1610,False,0,,,,0.0,Sem exposicao TSB direta,
84,1621,False,0,,,,0.0,Sem exposicao TSB direta,
85,1622,False,0,,,,0.0,Sem exposicao TSB direta,
86,1623,False,0,,,,0.0,Sem exposicao TSB direta,
87,1629,False,0,,,,0.0,Sem exposicao TSB direta,
88,1710,True,1,17109,1700,"Fabricação de celulose, papel e produtos de papel",0.9998999999999999,Alta exposicao TSB,Exposição praticamente integral no recorte analisado.
89,1721,True,1,17214,1700,"Fabricação de celulose, papel e produtos de papel",0.9998999999999999,Alta exposicao TSB,Exposição praticamente integral no recorte analisado.
90,1722,True,1,17222,1700,"Fabricação de celulose, papel e produtos de papel",0.9998999999999999,Alta exposicao TSB,Exposição praticamente integral no recorte analisado.
91,1731,True,1,17311,1700,"Fabricação de celulose, papel e produtos de papel",0.9998999999999999,Alta exposicao TSB,Exposição praticamente integral no recorte analisado.
92,1732,True,1,17320,1700,"Fabricação de celulose, papel e produtos de papel",0.9998999999999999,Alta exposicao TSB,Exposição praticamente integral no recorte analisado.
93,1733,True,1,17338,1700,"Fabricação de celulose, papel e produtos de papel",0.9998999999999999,Alta exposicao TSB,Exposição praticamente integral no recorte analisado.
94,1741,True,1,17419,1700,"Fabricação de celulose, papel e produtos de papel",0.9998999999999999,Alta exposicao TSB,Exposição praticamente integral no recorte analisado.
95,1742,True,1,17427,1700,"Fabricação de celulose, papel e produtos de papel",0.9998999999999999,Alta exposicao TSB,Exposição praticamente integral no recorte analisado.
96,1749,True,1,17494,1700,"Fabricação de celulose, papel e produtos de papel",0.9998999999999999,Alta exposicao TSB,Exposição praticamente integral no recorte analisado.
97,1811,False,0,,,,0.0,Sem exposicao TSB direta,
98,1812,False,0,,,,0.0,Sem exposicao TSB direta,
99,1813,False,0,,,,0.0,Sem exposicao TSB direta,
100,1821,False,0,,,,0.0,Sem exposicao TSB direta,
101,1822,False,0,,,,0.0,Sem exposicao TSB direta,
102,1830,False,0,,,,0.0,Sem exposicao TSB direta,
103,1910,False,0,,,,0.0,Sem exposicao TSB direta,
104,1921,False,0,,,,0.0,Sem exposicao TSB direta,
105,1922,False,0,,,,0.0,Sem exposicao TSB direta,
106,1931,True,1,19314,1992,Fabricação de biocombustíveis,1.0,Alta exposicao TSB,Setor diretamente associado à transição energética.
107,1932,True,1,19322,1992,Fabricação de biocombustíveis,1.0,Alta exposicao TSB,Setor diretamente associado à transição energética.
108,2011,True,1,20118,2091,"Fabricação de químicos orgânicos e inorgânicos, resinas e elastômeros",0.6944,Exposicao intermediaria TSB,"Exposição elevada, mas ainda não integral."
109,2012,True,1,20126,2091,"Fabricação de químicos orgânicos e inorgânicos, resinas e elastômeros",0.6944,Exposicao intermediaria TSB,"Exposição elevada, mas ainda não integral."
110,2013,False,0,,,,0.0,Sem exposicao TSB direta,
111,2014,True,1,20142,2091,"Fabricação de químicos orgânicos e inorgânicos, resinas e elastômeros",0.6944,Exposicao intermediaria TSB,"Exposição elevada, mas ainda não integral."
112,2019,True,1,20193,2091,"Fabricação de químicos orgânicos e inorgânicos, resinas e elastômeros",0.6944,Exposicao intermediaria TSB,"Exposição elevada, mas ainda não integral."
113,2021,True,1,20215,2091,"Fabricação de químicos orgânicos e inorgânicos, resinas e elastômeros",0.6944,Exposicao intermediaria TSB,"Exposição elevada, mas ainda não integral."
114,2022,True,1,20223,2091,"Fabricação de químicos orgânicos e inorgânicos, resinas e elastômeros",0.6944,Exposicao intermediaria TSB,"Exposição elevada, mas ainda não integral."
115,2029,True,1,20291,2091,"Fabricação de químicos orgânicos e inorgânicos, resinas e elastômeros",0.6944,Exposicao intermediaria TSB,"Exposição elevada, mas ainda não integral."
116,2031,True,1,20312,2091,"Fabricação de químicos orgânicos e inorgânicos, resinas e elastômeros",0.6944,Exposicao intermediaria TSB,"Exposição elevada, mas ainda não integral."
117,2032,True,1,20321,2091,"Fabricação de químicos orgânicos e inorgânicos, resinas e elastômeros",0.6944,Exposicao intermediaria TSB,"Exposição elevada, mas ainda não integral."
118,2033,True,1,20339,2091,"Fabricação de químicos orgânicos e inorgânicos, resinas e elastômeros",0.6944,Exposicao intermediaria TSB,"Exposição elevada, mas ainda não integral."
119,2040,False,0,,,,0.0,Sem exposicao TSB direta,
120,2051,False,0,,,,0.0,Sem exposicao TSB direta,
121,2052,False,0,,,,0.0,Sem exposicao TSB direta,
122,2061,False,0,,,,0.0,Sem exposicao TSB direta,
123,2062,False,0,,,,0.0,Sem exposicao TSB direta,
124,2063,False,0,,,,0.0,Sem exposicao TSB direta,
125,2071,False,0,,,,0.0,Sem exposicao TSB direta,
126,2072,False,0,,,,0.0,Sem exposicao TSB direta,
127,2073,False,0,,,,0.0,Sem exposicao TSB direta,
128,2091,False,0,,,,0.0,Sem exposicao TSB direta,
129,2092,False,0,,,,0.0,Sem exposicao TSB direta,
130,2093,True,1,20932,2092,"Fabricação de defensivos, desinfestantes, tintas e químicos diversos",0.12210000000000001,Exposicao intermediaria TSB,Exposição marginal e dependente de subatividades específicas.
131,2094,False,0,,,,0.0,Sem exposicao TSB direta,
132,2099,False,0,,,,0.0,Sem exposicao TSB direta,
133,2110,False,0,,,,0.0,Sem exposicao TSB direta,
134,2121,False,0,,,,0.0,Sem exposicao TSB direta,
135,2122,False,0,,,,0.0,Sem exposicao TSB direta,
136,2123,False,0,,,,0.0,Sem exposicao TSB direta,
137,2211,False,0,,,,0.0,Sem exposicao TSB direta,
138,2212,False,0,,,,0.0,Sem exposicao TSB direta,
139,2219,False,0,,,,0.0,Sem exposicao TSB direta,
140,2221,False,0,,,,0.0,Sem exposicao TSB direta,
141,2222,False,0,,,,0.0,Sem exposicao TSB direta,
142,2223,False,0,,,,0.0,Sem exposicao TSB direta,
143,2229,False,0,,,,0.0,Sem exposicao TSB direta,
144,2311,True,1,23117,2300,Fabricação de produtos de minerais não-metálicos,0.2389,Exposicao intermediaria TSB,Exposição parcial em setor heterogêneo.
145,2312,True,1,23125,2300,Fabricação de produtos de minerais não-metálicos,0.2389,Exposicao intermediaria TSB,Exposição parcial em setor heterogêneo.
146,2319,True,1,23192,2300,Fabricação de produtos de minerais não-metálicos,0.2389,Exposicao intermediaria TSB,Exposição parcial em setor heterogêneo.
147,2320,True,1,23206,2300,Fabricação de produtos de minerais não-metálicos,0.2389,Exposicao intermediaria TSB,Exposição parcial em setor heterogêneo.
148,2330,False,0,,,,0.0,Sem exposicao TSB direta,
149,2341,False,0,,,,0.0,Sem exposicao TSB direta,
150,2342,False,0,,,,0.0,Sem exposicao TSB direta,
151,2349,False,0,,,,0.0,Sem exposicao TSB direta,
152,2391,False,0,,,,0.0,Sem exposicao TSB direta,
153,2392,False,0,,,,0.0,Sem exposicao TSB direta,
154,2399,False,0,,,,0.0,Sem exposicao TSB direta,
155,2411,True,1,24113,2491,"Produção de ferro-gusa/ferroligas, siderurgia e tubos de aço sem costura",0.8140000000000001,Alta exposicao TSB,"Setor industrial de transição, com forte peso em atividades compatíveis."
156,2412,False,0,,,,0.0,Sem exposicao TSB direta,
157,2421,True,1,24211,2491,"Produção de ferro-gusa/ferroligas, siderurgia e tubos de aço sem costura",0.8140000000000001,Alta exposicao TSB,"Setor industrial de transição, com forte peso em atividades compatíveis."
158,2422,True,1,24229,2491,"Produção de ferro-gusa/ferroligas, siderurgia e tubos de aço sem costura",0.8140000000000001,Alta exposicao TSB,"Setor industrial de transição, com forte peso em atividades compatíveis."
159,2423,True,1,24237,2491,"Produção de ferro-gusa/ferroligas, siderurgia e tubos de aço sem costura",0.8140000000000001,Alta exposicao TSB,"Setor industrial de transição, com forte peso em atividades compatíveis."
160,2424,True,1,24245,2491,"Produção de ferro-gusa/ferroligas, siderurgia e tubos de aço sem costura",0.8140000000000001,Alta exposicao TSB,"Setor industrial de transição, com forte peso em atividades compatíveis."
161,2431,False,0,,,,0.0,Sem exposicao TSB direta,
162,2439,False,0,,,,0.0,Sem exposicao TSB direta,
163,2441,True,1,24415,2492,Metalurgia de metais não-ferosos e a fundição de metais,0.3014,Exposicao intermediaria TSB,"Parcela compatível relevante, mas minoritária."
164,2442,False,0,,,,0.0,Sem exposicao TSB direta,
165,2443,False,0,,,,0.0,Sem exposicao TSB direta,
166,2449,False,0,,,,0.0,Sem exposicao TSB direta,
167,2451,False,0,,,,0.0,Sem exposicao TSB direta,
168,2452,False,0,,,,0.0,Sem exposicao TSB direta,
169,2511,False,0,,,,0.0,Sem exposicao TSB direta,
170,2512,True,1,25128,2500,"Fabricação de produtos de metal, exceto máquinas e equipamentos",0.0886,Exposicao intermediaria TSB,"Exposição baixa, com predominância de atividades convencionais."
171,2513,False,0,,,,0.0,Sem exposicao TSB direta,
172,2521,False,0,,,,0.0,Sem exposicao TSB direta,
173,2522,False,0,,,,0.0,Sem exposicao TSB direta,
174,2531,False,0,,,,0.0,Sem exposicao TSB direta,
175,2532,False,0,,,,0.0,Sem exposicao TSB direta,
176,2539,False,0,,,,0.0,Sem exposicao TSB direta,
177,2541,False,0,,,,0.0,Sem exposicao TSB direta,
178,2542,False,0,,,,0.0,Sem exposicao TSB direta,
179,2543,False,0,,,,0.0,Sem exposicao TSB direta,
180,2550,False,0,,,,0.0,Sem exposicao TSB direta,
181,2591,False,0,,,,0.0,Sem exposicao TSB direta,
182,2592,False,0,,,,0.0,Sem exposicao TSB direta,
183,2593,False,0,,,,0.0,Sem exposicao TSB direta,
184,2599,False,0,,,,0.0,Sem exposicao TSB direta,
185,2610,False,0,,,,0.0,Sem exposicao TSB direta,
186,2621,False,0,,,,0.0,Sem exposicao TSB direta,
187,2622,False,0,,,,0.0,Sem exposicao TSB direta,
188,2631,False,0,,,,0.0,Sem exposicao TSB direta,
189,2632,False,0,,,,0.0,Sem exposicao TSB direta,
190,2640,False,0,,,,0.0,Sem exposicao TSB direta,
191,2651,False,0,,,,0.0,Sem exposicao TSB direta,
192,2652,False,0,,,,0.0,Sem exposicao TSB direta,
193,2660,False,0,,,,0.0,Sem exposicao TSB direta,
194,2670,False,0,,,,0.0,Sem exposicao TSB direta,
195,2680,False,0,,,,0.0,Sem exposicao TSB direta,
196,2710,False,0,,,,0.0,Sem exposicao TSB direta,
197,2721,False,0,,,,0.0,Sem exposicao TSB direta,
198,2722,False,0,,,,0.0,Sem exposicao TSB direta,
199,2731,False,0,,,,0.0,Sem exposicao TSB direta,
200,2732,False,0,,,,0.0,Sem exposicao TSB direta,
201,2733,False,0,,,,0.0,Sem exposicao TSB direta,
202,2740,False,0,,,,0.0,Sem exposicao TSB direta,
203,2751,False,0,,,,0.0,Sem exposicao TSB direta,
204,2759,False,0,,,,0.0,Sem exposicao TSB direta,
205,2790,False,0,,,,0.0,Sem exposicao TSB direta,
206,2811,False,0,,,,0.0,Sem exposicao TSB direta,
207,2812,False,0,,,,0.0,Sem exposicao TSB direta,
208,2813,False,0,,,,0.0,Sem exposicao TSB direta,
209,2814,False,0,,,,0.0,Sem exposicao TSB direta,
210,2815,False,0,,,,0.0,Sem exposicao TSB direta,
211,2821,False,0,,,,0.0,Sem exposicao TSB direta,
212,2822,False,0,,,,0.0,Sem exposicao TSB direta,
213,2823,False,0,,,,0.0,Sem exposicao TSB direta,
214,2824,False,0,,,,0.0,Sem exposicao TSB direta,
215,2825,False,0,,,,0.0,Sem exposicao TSB direta,
216,2829,False,0,,,,0.0,Sem exposicao TSB direta,
217,2831,False,0,,,,0.0,Sem exposicao TSB direta,
218,2832,False,0,,,,0.0,Sem exposicao TSB direta,
219,2833,False,0,,,,0.0,Sem exposicao TSB direta,
220,2840,False,0,,,,0.0,Sem exposicao TSB direta,
221,2851,False,0,,,,0.0,Sem exposicao TSB direta,
222,2852,False,0,,,,0.0,Sem exposicao TSB direta,
223,2853,False,0,,,,0.0,Sem exposicao TSB direta,
224,2854,False,0,,,,0.0,Sem exposicao TSB direta,
225,2861,False,0,,,,0.0,Sem exposicao TSB direta,
226,2862,False,0,,,,0.0,Sem exposicao TSB direta,
227,2863,False,0,,,,0.0,Sem exposicao TSB direta,
228,2864,False,0,,,,0.0,Sem exposicao TSB direta,
229,2865,False,0,,,,0.0,Sem exposicao TSB direta,
230,2866,False,0,,,,0.0,Sem exposicao TSB direta,
231,2869,False,0,,,,0.0,Sem exposicao TSB direta,
232,2910,False,0,,,,0.0,Sem exposicao TSB direta,
233,2920,False,0,,,,0.0,Sem exposicao TSB direta,
234,2930,False,0,,,,0.0,Sem exposicao TSB direta,
235,2941,False,0,,,,0.0,Sem exposicao TSB direta,
236,2942,False,0,,,,0.0,Sem exposicao TSB direta,
237,2943,False,0,,,,0.0,Sem exposicao TSB direta,
238,2944,False,0,,,,0.0,Sem exposicao TSB direta,
239,2945,False,0,,,,0.0,Sem exposicao TSB direta,
240,2949,False,0,,,,0.0,Sem exposicao TSB direta,
241,2950,False,0,,,,0.0,Sem exposicao TSB direta,
242,3011,False,0,,,,0.0,Sem exposicao TSB direta,
243,3012,False,0,,,,0.0,Sem exposicao TSB direta,
244,3031,False,0,,,,0.0,Sem exposicao TSB direta,
245,3032,False,0,,,,0.0,Sem exposicao TSB direta,
246,3041,False,0,,,,0.0,Sem exposicao TSB direta,
247,3042,False,0,,,,0.0,Sem exposicao TSB direta,
248,3050,False,0,,,,0.0,Sem exposicao TSB direta,
249,3091,False,0,,,,0.0,Sem exposicao TSB direta,
250,3092,False,0,,,,0.0,Sem exposicao TSB direta,
251,3099,False,0,,,,0.0,Sem exposicao TSB direta,
252,3101,False,0,,,,0.0,Sem exposicao TSB direta,
253,3102,False,0,,,,0.0,Sem exposicao TSB direta,
254,3103,False,0,,,,0.0,Sem exposicao TSB direta,
255,3104,False,0,,,,0.0,Sem exposicao TSB direta,
256,3211,False,0,,,,0.0,Sem exposicao TSB direta,
257,3212,False,0,,,,0.0,Sem exposicao TSB direta,
258,3220,False,0,,,,0.0,Sem exposicao TSB direta,
259,3230,False,0,,,,0.0,Sem exposicao TSB direta,
260,3240,False,0,,,,0.0,Sem exposicao TSB direta,
261,3250,False,0,,,,0.0,Sem exposicao TSB direta,
262,3291,False,0,,,,0.0,Sem exposicao TSB direta,
263,3292,False,0,,,,0.0,Sem exposicao TSB direta,
264,3299,False,0,,,,0.0,Sem exposicao TSB direta,
265,3311,False,0,,,,0.0,Sem exposicao TSB direta,
266,3312,False,0,,,,0.0,Sem exposicao TSB direta,
267,3313,False,0,,,,0.0,Sem exposicao TSB direta,
268,3314,False,0,,,,0.0,Sem exposicao TSB direta,
269,3315,False,0,,,,0.0,Sem exposicao TSB direta,
270,3316,False,0,,,,0.0,Sem exposicao TSB direta,
271,3317,False,0,,,,0.0,Sem exposicao TSB direta,
272,3319,False,0,,,,0.0,Sem exposicao TSB direta,
273,3321,True,1,33210,3300,"Manutenção, reparação e instalação de máquinas e equipamentos",0.1268,Exposicao intermediaria TSB,Exposição associada a atividades habilitadoras e de suporte.
274,3329,False,0,,,,0.0,Sem exposicao TSB direta,
275,3511,True,1,35115,3500,"Energia elétrica, gás natural e outras utilidades",0.9723,Alta exposicao TSB,"Alta exposição, com forte relevância para a transição energética."
276,3520,True,1,35204,3500,"Energia elétrica, gás natural e outras utilidades",0.9723,Alta exposicao TSB,"Alta exposição, com forte relevância para a transição energética."
277,3600,True,1,36006,3680,"Água, esgoto e gestão de resíduos",0.9120999999999999,Alta exposicao TSB,"Setor associado a saneamento, resíduos e serviços ambientais."
