year,cnae_class,tsb_associated,tsb_grupo_exposicao,tsb_exposicao_scn67_max,formal_jobs,wage_mass,december_wage_mass
2024,1931,True,Alta exposicao TSB,1.0,138287,587845671.52,587845671.52
2024,3600,True,Alta exposicao TSB,0.9120999999999999,137151,1001654832.86,1001654832.86
2024,2512,True,Exposicao intermediaria TSB,0.0886,62357,168708126.48,168708126.48
2024,3321,True,Exposicao intermediaria TSB,0.1268,58781,177454518.56,177454518.56
2024,1721,True,Alta exposicao TSB,0.9998999999999999,40569,224952820.0,224952820.0
2024,1733,True,Alta exposicao TSB,0.9998999999999999,38832,154576474.39,154576474.39
2024,2422,True,Alta exposicao TSB,0.8140000000000001,33879,195702006.65,195702006.65
2024,3511,True,Alta exposicao TSB,0.9723,33224,398954207.95,398954207.95
2024,2423,True,Alta exposicao TSB,0.8140000000000001,31815,228062420.23000002,228062420.23000002
2024,1731,True,Alta exposicao TSB,0.9998999999999999,28025,106790657.46000001,106790657.46000001
2024,2441,True,Exposicao intermediaria TSB,0.3014,27064,158013244.46,158013244.46
2024,1742,True,Alta exposicao TSB,0.9998999999999999,22815,104077391.2,104077391.2
2024,1710,True,Alta exposicao TSB,0.9998999999999999,22742,205226914.81,205226914.81
2024,1741,True,Alta exposicao TSB,0.9998999999999999,22500,79034259.07,79034259.07
2024,2311,True,Exposicao intermediaria TSB,0.2389,20157,86469023.28,86469023.28
2024,2319,True,Exposicao intermediaria TSB,0.2389,19913,69568966.84,69568966.84
2024,2320,True,Exposicao intermediaria TSB,0.2389,17667,102762653.7,102762653.7
2024,2029,True,Exposicao intermediaria TSB,0.6944,15661,139331846.69,139331846.69
2024,2093,True,Exposicao intermediaria TSB,0.12210000000000001,14214,104524874.13,104524874.13
2024,2411,True,Alta exposicao TSB,0.8140000000000001,13740,53004719.870000005,53004719.870000005
2024,2424,True,Alta exposicao TSB,0.8140000000000001,13133,62460369.25,62460369.25
2024,1732,True,Alta exposicao TSB,0.9998999999999999,11872,51652787.58,51652787.58
2024,1749,True,Alta exposicao TSB,0.9998999999999999,11530,46769394.9,46769394.9
2024,2031,True,Exposicao intermediaria TSB,0.6944,10288,81257384.84,81257384.84
2024,2019,True,Exposicao intermediaria TSB,0.6944,9779,69338234.88,69338234.88
2024,2312,True,Exposicao intermediaria TSB,0.2389,7307,43114000.32,43114000.32
2024,2421,True,Alta exposicao TSB,0.8140000000000001,6912,49108460.54000001,49108460.54000001
2024,3520,True,Alta exposicao TSB,0.9723,5693,80690663.36,80690663.36
2024,2014,True,Exposicao intermediaria TSB,0.6944,5569,50844753.07,50844753.07
2024,1932,True,Alta exposicao TSB,1.0,5087,29556662.98,29556662.98
2024,2012,True,Exposicao intermediaria TSB,0.6944,4212,28215305.18,28215305.18
2024,2021,True,Exposicao intermediaria TSB,0.6944,3889,56311757.64,56311757.64
2024,1722,True,Alta exposicao TSB,0.9998999999999999,3066,16903609.5,16903609.5
2024,2032,True,Exposicao intermediaria TSB,0.6944,2649,19754776.76,19754776.76
2024,2033,True,Exposicao intermediaria TSB,0.6944,1565,13125041.89,13125041.89
2024,2011,True,Exposicao intermediaria TSB,0.6944,1335,13603169.8,13603169.8
2024,2022,True,Exposicao intermediaria TSB,0.6944,1192,10157768.43,10157768.43
2024,8411,False,Sem exposicao TSB direta,0.0,7874669,42916548224.15,42916548224.15
2024,8610,False,Sem exposicao TSB direta,0.0,1592650,6643913168.83,6643913168.83
2024,4711,False,Sem exposicao TSB direta,0.0,1570848,3510223566.15,3510223566.15
2024,5611,False,Sem exposicao TSB direta,0.0,1447353,2917995127.35,2917995127.35
2024,4930,False,Sem exposicao TSB direta,0.0,1313074,4134502949.68,4134502949.68
2024,8513,False,Sem exposicao TSB direta,0.0,1273293,3848398398.26,3848398398.26
2024,4120,False,Sem exposicao TSB direta,0.0,972699,2486278443.67,2486278443.67
2024,8211,False,Sem exposicao TSB direta,0.0,918414,3640179924.99,3640179924.99
2024,4744,False,Sem exposicao TSB direta,0.0,660964,1579946887.4,1579946887.4
2024,8121,False,Sem exposicao TSB direta,0.0,660558,1114890122.12,1114890122.12
2024,4781,False,Sem exposicao TSB direta,0.0,638992,1629171955.55,1629171955.55
2024,8011,False,Sem exposicao TSB direta,0.0,596677,1490706892.01,1490706892.01
2024,4771,False,Sem exposicao TSB direta,0.0,594214,1619480363.29,1619480363.29
2024,8630,False,Sem exposicao TSB direta,0.0,577974,1691431860.91,1691431860.91
2024,8112,False,Sem exposicao TSB direta,0.0,554150,1513110336.07,1513110336.07
2024,8424,False,Sem exposicao TSB direta,0.0,550330,3974302980.38,3974302980.38
2024,7820,False,Sem exposicao TSB direta,0.0,548168,1152655039.85,1152655039.85
2024,8412,False,Sem exposicao TSB direta,0.0,544819,2807364366.86,2807364366.86
2024,4530,False,Sem exposicao TSB direta,0.0,511401,1422379051.14,1422379051.14
2024,8220,False,Sem exposicao TSB direta,0.0,492824,978164597.55,978164597.55
2024,9430,False,Sem exposicao TSB direta,0.0,442158,1364272899.17,1364272899.17
2024,8299,False,Sem exposicao TSB direta,0.0,441331,1314197784.04,1314197784.04
2024,4712,False,Sem exposicao TSB direta,0.0,424702,770267622.88,770267622.88
2024,5620,False,Sem exposicao TSB direta,0.0,402229,835242254.39,835242254.39
2024,1412,False,Sem exposicao TSB direta,0.0,399227,920819893.94,920819893.94
2024,1512,False,Sem exposicao TSB direta,0.0,395808,923155299.1,923155299.1
2024,4731,False,Sem exposicao TSB direta,0.0,392666,953702610.43,953702610.43
2024,1012,False,Sem exposicao TSB direta,0.0,390319,1108292896.8,1108292896.8
2024,4789,False,Sem exposicao TSB direta,0.0,389704,973485188.26,973485188.26
2024,4921,False,Sem exposicao TSB direta,0.0,386938,1198965716.11,1198965716.11
2024,8422,False,Sem exposicao TSB direta,0.0,380239,2570670356.21,2570670356.21
2024,8111,False,Sem exposicao TSB direta,0.0,366870,638895903.34,638895903.34
2024,8599,False,Sem exposicao TSB direta,0.0,359993,1271286404.66,1271286404.66
2024,8520,False,Sem exposicao TSB direta,0.0,354360,1901249012.74,1901249012.74
2024,5510,False,Sem exposicao TSB direta,0.0,352385,860626087.35,860626087.35
2024,8531,False,Sem exposicao TSB direta,0.0,350886,2978000944.6,2978000944.6
2024,8532,False,Sem exposicao TSB direta,0.0,333805,2543207354.65,2543207354.65
2024,6920,False,Sem exposicao TSB direta,0.0,332471,1033640291.22,1033640291.22
2024,7112,False,Sem exposicao TSB direta,0.0,327076,1322112409.76,1322112409.76
2024,8660,False,Sem exposicao TSB direta,0.0,319174,1698897000.07,1698897000.07
2024,8640,False,Sem exposicao TSB direta,0.0,309893,909018791.78,909018791.78
2024,8423,False,Sem exposicao TSB direta,0.0,305274,5425505437.79,5425505437.79
2024,6422,False,Sem exposicao TSB direta,0.0,304751,3372948798.86,3372948798.86
2024,7830,False,Sem exposicao TSB direta,0.0,303846,576878906.36,576878906.36
2024,4721,False,Sem exposicao TSB direta,0.0,274650,520951548.17,520951548.17
2024,1091,False,Sem exposicao TSB direta,0.0,270932,580168475.74,580168475.74
2024,1071,False,Sem exposicao TSB direta,0.0,270492,1071192525.2,1071192525.2
2024,4520,False,Sem exposicao TSB direta,0.0,267126,606490650.99,606490650.99
2024,4399,False,Sem exposicao TSB direta,0.0,260202,702985563.38,702985563.38
2024,8512,False,Sem exposicao TSB direta,0.0,248303,608449060.29,608449060.29
2024,4511,False,Sem exposicao TSB direta,0.0,246020,1153990737.1,1153990737.1
2024,4321,False,Sem exposicao TSB direta,0.0,245056,726402327.9399999,726402327.9399999
2024,1610,False,Sem exposicao TSB direta,0.0,225884,574848554.12,574848554.12
2024,8511,False,Sem exposicao TSB direta,0.0,222815,606603271.57,606603271.57
2024,4639,False,Sem exposicao TSB direta,0.0,216994,620539172.53,620539172.53
2024,4754,False,Sem exposicao TSB direta,0.0,215802,528600528.35,528600528.35
2024,3101,False,Sem exposicao TSB direta,0.0,202018,575906527.67,575906527.67
2024,1156,False,Sem exposicao TSB direta,0.0,199431,710887208.19,710887208.19
2024,4729,False,Sem exposicao TSB direta,0.0,198675,406445351.49,406445351.49
2024,2229,False,Sem exposicao TSB direta,0.0,196896,711276241.72,711276241.72
2024,7020,False,Sem exposicao TSB direta,0.0,194338,1316442379.64,1316442379.64
2024,4211,False,Sem exposicao TSB direta,0.0,190532,701642234.88,701642234.88
2024,3811,False,Sem exposicao TSB direta,0.0,189003,536486105.5,536486105.5
2024,8800,False,Sem exposicao TSB direta,0.0,185538,576884622.88,576884622.88
2024,6201,False,Sem exposicao TSB direta,0.0,185153,1619045173.42,1619045173.42
2024,4221,False,Sem exposicao TSB direta,0.0,184854,685610925.17,685610925.17
2024,8219,False,Sem exposicao TSB direta,0.0,180588,493074149.0,493074149.0
2024,9420,False,Sem exposicao TSB direta,0.0,176915,276753274.2,276753274.2
2024,4691,False,Sem exposicao TSB direta,0.0,175948,447166049.13,447166049.13
2024,6110,False,Sem exposicao TSB direta,0.0,175818,728762767.9,728762767.9
2024,4782,False,Sem exposicao TSB direta,0.0,174481,460540316.46,460540316.46
2024,4330,False,Sem exposicao TSB direta,0.0,168242,353179989.61,353179989.61
2024,2949,False,Sem exposicao TSB direta,0.0,166422,817382838.4399999,817382838.4399999
2024,1011,False,Sem exposicao TSB direta,0.0,165514,475899729.86,475899729.86
2024,4110,False,Sem exposicao TSB direta,0.0,158441,510955461.58,510955461.58
2024,7490,False,Sem exposicao TSB direta,0.0,153385,844076250.0,844076250.0
2024,2222,False,Sem exposicao TSB direta,0.0,152936,557683082.85,557683082.85
2024,6209,False,Sem exposicao TSB direta,0.0,152541,874579009.24,874579009.24
2024,4713,False,Sem exposicao TSB direta,0.0,151207,450239359.44,450239359.44
2024,7319,False,Sem exposicao TSB direta,0.0,150017,358222001.65,358222001.65
2024,4753,False,Sem exposicao TSB direta,0.0,148119,469819816.09,469819816.09
2024,4292,False,Sem exposicao TSB direta,0.0,147008,516106549.48,516106549.48
2024,7810,False,Sem exposicao TSB direta,0.0,146424,321033522.1,321033522.1
2024,9313,False,Sem exposicao TSB direta,0.0,146196,252939480.18,252939480.18
2024,4772,False,Sem exposicao TSB direta,0.0,137246,365949632.96,365949632.96
2024,3314,False,Sem exposicao TSB direta,0.0,136155,474189753.12,474189753.12
2024,1531,False,Sem exposicao TSB direta,0.0,131196,311300691.43,311300691.43
2024,2330,False,Sem exposicao TSB direta,0.0,130003,364622396.53000003,364622396.53000003
2024,1113,False,Sem exposicao TSB direta,0.0,129964,530774302.31,530774302.31
2024,6550,False,Sem exposicao TSB direta,0.0,125583,592805705.32,592805705.32
2024,6204,False,Sem exposicao TSB direta,0.0,125332,1030308145.1899999,1030308145.1899999
2024,4322,False,Sem exposicao TSB direta,0.0,125116,344441738.15,344441738.15
2024,6424,False,Sem exposicao TSB direta,0.0,122386,755727597.79,755727597.79
2024,5211,False,Sem exposicao TSB direta,0.0,120950,411797661.46999997,411797661.46999997
2024,4299,False,Sem exposicao TSB direta,0.0,119788,415946898.58,415946898.58
2024,1555,False,Sem exposicao TSB direta,0.0,119163,293516615.0,293516615.0
2024,1130,False,Sem exposicao TSB direta,0.0,118802,380876674.31,380876674.31
2024,4635,False,Sem exposicao TSB direta,0.0,117373,419823617.03000003,419823617.03000003
2024,9491,False,Sem exposicao TSB direta,0.0,115975,289653363.24,289653363.24
2024,6911,False,Sem exposicao TSB direta,0.0,114294,449485996.71,449485996.71
2024,2599,False,Sem exposicao TSB direta,0.0,113482,426584568.47,426584568.47
2024,1099,False,Sem exposicao TSB direta,0.0,110278,400587543.53000003,400587543.53000003
2024,8690,False,Sem exposicao TSB direta,0.0,109958,506664720.17,506664720.17
2024,4751,False,Sem exposicao TSB direta,0.0,108864,441223029.49,441223029.49
2024,8020,False,Sem exposicao TSB direta,0.0,106472,235688649.59,235688649.59
2024,4755,False,Sem exposicao TSB direta,0.0,106008,215832217.58,215832217.58
2024,4761,False,Sem exposicao TSB direta,0.0,105689,296569524.02,296569524.02
2024,8650,False,Sem exposicao TSB direta,0.0,104337,270917840.96,270917840.96
2024,6912,False,Sem exposicao TSB direta,0.0,104062,397775424.82,397775424.82
2024,8129,False,Sem exposicao TSB direta,0.0,103197,203496138.28,203496138.28
2024,2342,False,Sem exposicao TSB direta,0.0,103110,285053889.63,285053889.63
2024,5310,False,Sem exposicao TSB direta,0.0,101542,558406008.17,558406008.17
2024,8230,False,Sem exposicao TSB direta,0.0,101280,162914620.11,162914620.11
2024,6202,False,Sem exposicao TSB direta,0.0,100139,746478764.45,746478764.45
2024,2121,False,Sem exposicao TSB direta,0.0,99896,785195064.78,785195064.78
2024,8291,False,Sem exposicao TSB direta,0.0,98731,265087422.65,265087422.65
2024,4541,False,Sem exposicao TSB direta,0.0,98180,277028313.61,277028313.61
2024,4929,False,Sem exposicao TSB direta,0.0,97192,269301519.71,269301519.71
2024,1052,False,Sem exposicao TSB direta,0.0,97069,318945821.61,318945821.61
2024,4644,False,Sem exposicao TSB direta,0.0,96358,476531246.77,476531246.77
2024,4759,False,Sem exposicao TSB direta,0.0,94859,225731042.94,225731042.94
2024,4649,False,Sem exposicao TSB direta,0.0,94305,326965589.02,326965589.02
2024,4774,False,Sem exposicao TSB direta,0.0,94167,216758784.69,216758784.69
2024,7711,False,Sem exposicao TSB direta,0.0,93503,295622907.99,295622907.99
2024,4722,False,Sem exposicao TSB direta,0.0,93080,189049550.59,189049550.59
2024,9312,False,Sem exposicao TSB direta,0.0,92881,399840135.23,399840135.23
2024,8711,False,Sem exposicao TSB direta,0.0,92679,203581593.0,203581593.0
2024,4633,False,Sem exposicao TSB direta,0.0,91729,226225495.87,226225495.87
2024,2101,False,Sem exposicao TSB direta,0.0,90329,274804483.54,274804483.54
2024,4922,False,Sem exposicao TSB direta,0.0,88659,262414161.09,262414161.09
2024,4763,False,Sem exposicao TSB direta,0.0,87443,240783040.55,240783040.55
2024,4313,False,Sem exposicao TSB direta,0.0,87234,263639282.42,263639282.42
2024,9602,False,Sem exposicao TSB direta,0.0,86458,159633921.84,159633921.84
2024,6423,False,Sem exposicao TSB direta,0.0,85910,1278854590.53,1278854590.53
2024,4646,False,Sem exposicao TSB direta,0.0,85732,448969044.95,448969044.95
2024,1334,False,Sem exposicao TSB direta,0.0,85460,171958687.99,171958687.99
2024,4724,False,Sem exposicao TSB direta,0.0,85384,173784029.81,173784029.81
2024,1013,False,Sem exposicao TSB direta,0.0,84890,246225483.3,246225483.3
2024,8541,False,Sem exposicao TSB direta,0.0,84878,620977120.96,620977120.96
2024,1342,False,Sem exposicao TSB direta,0.0,84331,176439871.93,176439871.93
2024,6203,False,Sem exposicao TSB direta,0.0,84275,723465685.82,723465685.82
2024,4752,False,Sem exposicao TSB direta,0.0,83849,181075840.38,181075840.38
2024,2539,False,Sem exposicao TSB direta,0.0,83626,267602983.36,267602983.36
2024,7732,False,Sem exposicao TSB direta,0.0,83611,251481888.92,251481888.92
2024,2833,False,Sem exposicao TSB direta,0.0,81407,434116273.28,434116273.28
2024,5212,False,Sem exposicao TSB direta,0.0,81047,178902288.52,178902288.52
2024,9499,False,Sem exposicao TSB direta,0.0,80993,292398875.84,292398875.84
2024,7739,False,Sem exposicao TSB direta,0.0,80767,285894629.53,285894629.53
2024,3250,False,Sem exposicao TSB direta,0.0,79761,313422793.54,313422793.54
2024,1066,False,Sem exposicao TSB direta,0.0,79140,298843099.57,298843099.57
2024,2910,False,Sem exposicao TSB direta,0.0,76919,574704701.95,574704701.95
2024,6462,False,Sem exposicao TSB direta,0.0,76820,629008943.1800001,629008943.1800001
2024,5250,False,Sem exposicao TSB direta,0.0,76250,293204947.9,293204947.9
2024,8100,False,Sem exposicao TSB direta,0.0,75363,261377949.35,261377949.35
2024,3514,False,Sem exposicao TSB direta,0.0,75353,508678650.89,508678650.89
2024,4679,False,Sem exposicao TSB direta,0.0,74715,217714745.74,217714745.74
2024,6622,False,Sem exposicao TSB direta,0.0,73515,293667528.12,293667528.12
2024,6822,False,Sem exposicao TSB direta,0.0,73336,212836501.57,212836501.57
2024,8430,False,Sem exposicao TSB direta,0.0,72672,482913258.03,482913258.03
2024,8550,False,Sem exposicao TSB direta,0.0,71405,303268319.2,303268319.2
2024,6821,False,Sem exposicao TSB direta,0.0,70851,213252993.15,213252993.15
2024,4213,False,Sem exposicao TSB direta,0.0,70748,204785087.75,204785087.75
2024,4623,False,Sem exposicao TSB direta,0.0,70530,310116542.36,310116542.36
2024,4329,False,Sem exposicao TSB direta,0.0,69053,250086448.58,250086448.58
2024,6190,False,Sem exposicao TSB direta,0.0,68580,221267348.36,221267348.36
2024,4637,False,Sem exposicao TSB direta,0.0,67955,229734119.82,229734119.82
2024,5223,False,Sem exposicao TSB direta,0.0,67906,147967801.99,147967801.99
2024,4742,False,Sem exposicao TSB direta,0.0,67442,184725223.94,184725223.94
2024,7103,False,Sem exposicao TSB direta,0.0,67221,461791743.38,461791743.38
2024,1411,False,Sem exposicao TSB direta,0.0,66819,139440285.60999998,139440285.60999998
2024,1533,False,Sem exposicao TSB direta,0.0,66538,158347407.09,158347407.09
2024,4693,False,Sem exposicao TSB direta,0.0,64272,246492836.49,246492836.49
2024,4723,False,Sem exposicao TSB direta,0.0,63374,128829614.0,128829614.0
2024,2511,False,Sem exposicao TSB direta,0.0,63123,198708385.41,198708385.41
2024,8542,False,Sem exposicao TSB direta,0.0,61692,789133717.3,789133717.3
2024,6319,False,Sem exposicao TSB direta,0.0,61639,332639165.03999996,332639165.03999996
2024,2930,False,Sem exposicao TSB direta,0.0,60219,234963722.23,234963722.23
2024,1813,False,Sem exposicao TSB direta,0.0,59786,167519625.01,167519625.01
2024,4645,False,Sem exposicao TSB direta,0.0,59713,361100764.16,361100764.16
2024,9601,False,Sem exposicao TSB direta,0.0,59093,121994020.09,121994020.09
2024,1199,False,Sem exposicao TSB direta,0.0,59003,153210069.69,153210069.69
2024,6311,False,Sem exposicao TSB direta,0.0,58906,584947672.89,584947672.89
2024,7911,False,Sem exposicao TSB direta,0.0,58739,218853226.71,218853226.71
2024,1318,False,Sem exposicao TSB direta,0.0,56788,156179372.18,156179372.18
2024,6810,False,Sem exposicao TSB direta,0.0,56627,187895055.82999998,187895055.82999998
2024,2063,False,Sem exposicao TSB direta,0.0,56615,229762245.23,229762245.23
2024,9603,False,Sem exposicao TSB direta,0.0,56426,145539017.55,145539017.55
2024,4683,False,Sem exposicao TSB direta,0.0,56392,297504000.83,297504000.83
2024,2829,False,Sem exposicao TSB direta,0.0,56111,298549948.64,298549948.64
2024,7210,False,Sem exposicao TSB direta,0.0,55174,752971032.92,752971032.92
2024,1122,False,Sem exposicao TSB direta,0.0,55041,207449754.0,207449754.0
2024,2391,False,Sem exposicao TSB direta,0.0,54741,154676170.53,154676170.53
2024,5231,False,Sem exposicao TSB direta,0.0,54148,335607763.29,335607763.29
2024,5240,False,Sem exposicao TSB direta,0.0,53887,220462768.76,220462768.76
2024,4222,False,Sem exposicao TSB direta,0.0,53746,158007912.67,158007912.67
2024,8593,False,Sem exposicao TSB direta,0.0,53403,112299213.74,112299213.74
2024,5320,False,Sem exposicao TSB direta,0.0,53237,107468336.69,107468336.69
2024,4687,False,Sem exposicao TSB direta,0.0,52883,133303957.47,133303957.47
2024,6619,False,Sem exposicao TSB direta,0.0,52784,367302362.70000005,367302362.70000005
2024,2710,False,Sem exposicao TSB direta,0.0,52048,263381838.82,263381838.82
2024,4661,False,Sem exposicao TSB direta,0.0,51365,275325230.22,275325230.22
2024,4634,False,Sem exposicao TSB direta,0.0,50776,164220926.77,164220926.77
2024,9412,False,Sem exposicao TSB direta,0.0,50755,294052478.36,294052478.36
2024,4784,False,Sem exposicao TSB direta,0.0,50224,102220569.19,102220569.19
2024,2219,False,Sem exposicao TSB direta,0.0,49852,189444316.23,189444316.23
2024,4663,False,Sem exposicao TSB direta,0.0,49204,284570095.31,284570095.31
2024,1351,False,Sem exposicao TSB direta,0.0,48319,117374806.89999999,117374806.89999999
2024,4741,False,Sem exposicao TSB direta,0.0,47607,126163191.74,126163191.74
2024,7120,False,Sem exposicao TSB direta,0.0,47366,209977747.52,209977747.52
2024,8012,False,Sem exposicao TSB direta,0.0,47254,171302212.09,171302212.09
2024,2869,False,Sem exposicao TSB direta,0.0,46955,251817900.96,251817900.96
2024,5111,False,Sem exposicao TSB direta,0.0,46831,456395962.06,456395962.06
2024,2013,False,Sem exposicao TSB direta,0.0,46561,265131302.21,265131302.21
2024,4689,False,Sem exposicao TSB direta,0.0,46246,208747272.35999998,208747272.35999998
2024,1539,False,Sem exposicao TSB direta,0.0,46147,101229946.17999999,101229946.17999999
2024,2306,False,Sem exposicao TSB direta,0.0,45820,131987953.38,131987953.38
2024,7119,False,Sem exposicao TSB direta,0.0,45432,165128931.44,165128931.44
2024,1359,False,Sem exposicao TSB direta,0.0,45389,128522751.4,128522751.4
2024,6021,False,Sem exposicao TSB direta,0.0,45247,370065812.33,370065812.33
2024,1092,False,Sem exposicao TSB direta,0.0,45178,140834592.98,140834592.98
2024,2451,False,Sem exposicao TSB direta,0.0,43904,193565463.57999998,193565463.57999998
2024,9609,False,Sem exposicao TSB direta,0.0,42403,78422204.49,78422204.49
2024,4783,False,Sem exposicao TSB direta,0.0,42011,155748663.7,155748663.7
2024,1211,False,Sem exposicao TSB direta,0.0,41856,98419418.66,98419418.66
2024,3299,False,Sem exposicao TSB direta,0.0,41803,121560990.26,121560990.26
2024,8130,False,Sem exposicao TSB direta,0.0,41648,86388909.28999999,86388909.28999999
2024,4642,False,Sem exposicao TSB direta,0.0,40903,125966731.49,125966731.49
2024,2920,False,Sem exposicao TSB direta,0.0,40313,347245221.46,347245221.46
2024,4672,False,Sem exposicao TSB direta,0.0,40048,132727974.36,132727974.36
2024,1094,False,Sem exposicao TSB direta,0.0,39686,114799999.97,114799999.97
2024,1093,False,Sem exposicao TSB direta,0.0,39505,162410119.01,162410119.01
2024,2945,False,Sem exposicao TSB direta,0.0,38875,131540930.19,131540930.19
2024,4669,False,Sem exposicao TSB direta,0.0,38624,230289123.3,230289123.3
2024,4681,False,Sem exposicao TSB direta,0.0,38252,232624359.88,232624359.88
2024,1121,False,Sem exposicao TSB direta,0.0,38153,114231163.7,114231163.7
2024,9106,False,Sem exposicao TSB direta,0.0,37683,558582448.71,558582448.71
2024,4632,False,Sem exposicao TSB direta,0.0,37403,132871545.26,132871545.26
2024,8730,False,Sem exposicao TSB direta,0.0,37377,126692318.74,126692318.74
2024,4743,False,Sem exposicao TSB direta,0.0,37368,84337069.67999999,84337069.67999999
2024,1621,False,Sem exposicao TSB direta,0.0,37184,135215871.67,135215871.67
2024,1340,False,Sem exposicao TSB direta,0.0,37179,114329096.52,114329096.52
2024,2542,False,Sem exposicao TSB direta,0.0,37146,103052290.49,103052290.49
2024,7500,False,Sem exposicao TSB direta,0.0,36948,83629489.35,83629489.35
2024,2941,False,Sem exposicao TSB direta,0.0,36828,218650470.31,218650470.31
2024,2099,False,Sem exposicao TSB direta,0.0,36687,235892851.97,235892851.97
2024,9411,False,Sem exposicao TSB direta,0.0,36349,218011531.76,218011531.76
2024,4911,False,Sem exposicao TSB direta,0.0,35539,226321548.23,226321548.23
2024,5221,False,Sem exposicao TSB direta,0.0,34958,115423295.17,115423295.17
2024,4757,False,Sem exposicao TSB direta,0.0,34474,81617794.42999999,81617794.42999999
2024,1547,False,Sem exposicao TSB direta,0.0,34356,91341973.67999999,91341973.67999999
2024,4686,False,Sem exposicao TSB direta,0.0,34260,94140785.27,94140785.27
2024,7311,False,Sem exposicao TSB direta,0.0,33956,188032347.48000002,188032347.48000002
2024,6120,False,Sem exposicao TSB direta,0.0,33669,240055494.55,240055494.55
2024,3102,False,Sem exposicao TSB direta,0.0,33184,102246323.31,102246323.31
2024,1053,False,Sem exposicao TSB direta,0.0,32628,78828860.16,78828860.16
2024,4912,False,Sem exposicao TSB direta,0.0,32498,278652004.81,278652004.81
2024,2790,False,Sem exposicao TSB direta,0.0,32439,147799225.4,147799225.4
2024,2751,False,Sem exposicao TSB direta,0.0,32353,147929569.81,147929569.81
2024,1510,False,Sem exposicao TSB direta,0.0,31087,97498868.34,97498868.34
2024,2610,False,Sem exposicao TSB direta,0.0,31064,130186365.14,130186365.14
2024,4924,False,Sem exposicao TSB direta,0.0,31058,58643689.52,58643689.52
2024,8425,False,Sem exposicao TSB direta,0.0,30862,141819284.23,141819284.23
2024,1326,False,Sem exposicao TSB direta,0.0,30815,55812846.120000005,55812846.120000005
2024,2211,False,Sem exposicao TSB direta,0.0,30736,178224733.79,178224733.79
2024,6512,False,Sem exposicao TSB direta,0.0,30603,291635157.73,291635157.73
2024,1413,False,Sem exposicao TSB direta,0.0,30599,62579930.9,62579930.9
2024,1041,False,Sem exposicao TSB direta,0.0,30535,143259900.69,143259900.69
2024,1628,False,Sem exposicao TSB direta,0.0,30503,66918335.46,66918335.46
2024,1031,False,Sem exposicao TSB direta,0.0,29920,76110486.15,76110486.15
2024,2071,False,Sem exposicao TSB direta,0.0,29744,163025605.46,163025605.46
2024,6421,False,Sem exposicao TSB direta,0.0,29470,361161190.37,361161190.37
2024,1321,False,Sem exposicao TSB direta,0.0,29078,97796472.07,97796472.07
2024,2592,False,Sem exposicao TSB direta,0.0,28338,108941479.18,108941479.18
2024,2399,False,Sem exposicao TSB direta,0.0,28177,115463102.48,115463102.48
2024,1020,False,Sem exposicao TSB direta,0.0,28114,71484291.92,71484291.92
2024,1921,False,Sem exposicao TSB direta,0.0,27989,721134788.85,721134788.85
2024,2062,False,Sem exposicao TSB direta,0.0,27960,90905019.12,90905019.12
2024,9511,False,Sem exposicao TSB direta,0.0,27913,89097058.17,89097058.17
2024,6010,False,Sem exposicao TSB direta,0.0,27825,80219375.58,80219375.58
2024,6499,False,Sem exposicao TSB direta,0.0,27773,368863469.42,368863469.42
2024,5030,False,Sem exposicao TSB direta,0.0,27718,395961014.89,395961014.89
2024,3104,False,Sem exposicao TSB direta,0.0,27655,78726347.99,78726347.99
2024,4212,False,Sem exposicao TSB direta,0.0,27620,120254100.03999999,120254100.03999999
2024,2532,False,Sem exposicao TSB direta,0.0,27525,92792090.41,92792090.41
2024,2731,False,Sem exposicao TSB direta,0.0,27424,137413530.2,137413530.2
2024,5229,False,Sem exposicao TSB direta,0.0,27355,75734404.95,75734404.95
2024,3011,False,Sem exposicao TSB direta,0.0,26851,135566908.15,135566908.15
2024,1062,False,Sem exposicao TSB direta,0.0,26752,112466561.17999999,112466561.17999999
2024,4641,False,Sem exposicao TSB direta,0.0,26475,69026159.03,69026159.03
2024,2733,False,Sem exposicao TSB direta,0.0,26039,114302212.3,114302212.3
2024,1629,False,Sem exposicao TSB direta,0.0,25805,67583991.82,67583991.82
2024,9329,False,Sem exposicao TSB direta,0.0,25660,57668574.55,57668574.55
2024,1622,False,Sem exposicao TSB direta,0.0,25365,69833004.23,69833004.23
2024,8533,False,Sem exposicao TSB direta,0.0,25178,170644122.4,170644122.4
2024,2822,False,Sem exposicao TSB direta,0.0,25143,139626022.08,139626022.08
2024,2061,False,Sem exposicao TSB direta,0.0,25089,105379700.61999999,105379700.61999999
2024,1393,False,Sem exposicao TSB direta,0.0,24904,52506934.949999996,52506934.949999996
2024,3313,False,Sem exposicao TSB direta,0.0,24828,84635453.83,84635453.83
2024,8122,False,Sem exposicao TSB direta,0.0,24795,57541346.480000004,57541346.480000004
2024,6000,False,Sem exposicao TSB direta,0.0,24592,634576458.57,634576458.57
2024,4391,False,Sem exposicao TSB direta,0.0,24373,76230260.67999999,76230260.67999999
2024,1330,False,Sem exposicao TSB direta,0.0,24282,89954452.88,89954452.88
2024,2823,False,Sem exposicao TSB direta,0.0,24069,99254870.76,99254870.76
2024,7740,False,Sem exposicao TSB direta,0.0,24064,155783430.89,155783430.89
2024,2543,False,Sem exposicao TSB direta,0.0,23746,114604810.94,114604810.94
2024,1061,False,Sem exposicao TSB direta,0.0,23520,81945114.78,81945114.78
2024,2759,False,Sem exposicao TSB direta,0.0,23516,79884854.93,79884854.93
2024,4651,False,Sem exposicao TSB direta,0.0,23437,198213858.18,198213858.18
2024,6612,False,Sem exposicao TSB direta,0.0,23379,243567085.25,243567085.25
2024,4673,False,Sem exposicao TSB direta,0.0,23368,95721562.64,95721562.64
2024,1415,False,Sem exposicao TSB direta,0.0,23261,129497214.3,129497214.3
2024,8621,False,Sem exposicao TSB direta,0.0,22832,73395258.45,73395258.45
2024,3091,False,Sem exposicao TSB direta,0.0,22711,134960287.57,134960287.57
2024,2651,False,Sem exposicao TSB direta,0.0,22708,128791185.89999999,128791185.89999999
2024,1540,False,Sem exposicao TSB direta,0.0,22507,54901524.16,54901524.16
2024,1033,False,Sem exposicao TSB direta,0.0,22231,86464404.88,86464404.88
2024,2593,False,Sem exposicao TSB direta,0.0,22157,67630660.25,67630660.25
2024,4619,False,Sem exposicao TSB direta,0.0,22128,68516497.67999999,68516497.67999999
2024,9529,False,Sem exposicao TSB direta,0.0,21727,45932459.3,45932459.3
2024,4647,False,Sem exposicao TSB direta,0.0,21683,78724017.54,78724017.54
2024,1521,False,Sem exposicao TSB direta,0.0,21613,51257120.55,51257120.55
2024,4631,False,Sem exposicao TSB direta,0.0,21314,75446214.42,75446214.42
2024,7733,False,Sem exposicao TSB direta,0.0,21285,69304338.35,69304338.35
2024,2349,False,Sem exposicao TSB direta,0.0,21267,68590927.9,68590927.9
2024,3317,False,Sem exposicao TSB direta,0.0,20997,95452061.53,95452061.53
2024,1311,False,Sem exposicao TSB direta,0.0,20829,64518929.48,64518929.48
2024,8413,False,Sem exposicao TSB direta,0.0,20610,210195317.77,210195317.77
2024,2221,False,Sem exposicao TSB direta,0.0,20525,86870463.64,86870463.64
2024,4622,False,Sem exposicao TSB direta,0.0,20499,99272011.27,99272011.27
2024,2862,False,Sem exposicao TSB direta,0.0,20425,114703448.77,114703448.77
2024,4773,False,Sem exposicao TSB direta,0.0,20321,61726624.16,61726624.16
2024,1069,False,Sem exposicao TSB direta,0.0,20286,69950855.99,69950855.99
2024,3329,False,Sem exposicao TSB direta,0.0,20189,49590447.53,49590447.53
2024,2591,False,Sem exposicao TSB direta,0.0,20027,105111226.07,105111226.07
2024,1096,False,Sem exposicao TSB direta,0.0,19788,43311782.11,43311782.11
2024,8712,False,Sem exposicao TSB direta,0.0,19728,54790798.74,54790798.74
2024,2513,False,Sem exposicao TSB direta,0.0,19714,81836297.74,81836297.74
2024,1229,False,Sem exposicao TSB direta,0.0,19476,41364191.48,41364191.48
2024,7243,False,Sem exposicao TSB direta,0.0,19302,120178510.05,120178510.05
2024,4685,False,Sem exposicao TSB direta,0.0,19260,90555411.16,90555411.16
2024,1323,False,Sem exposicao TSB direta,0.0,19167,62349733.96,62349733.96
2024,4682,False,Sem exposicao TSB direta,0.0,19109,104319839.96000001,104319839.96000001
2024,9321,False,Sem exposicao TSB direta,0.0,18952,51955411.37,51955411.37
2024,5590,False,Sem exposicao TSB direta,0.0,18873,35547124.410000004,35547124.410000004
2024,4923,False,Sem exposicao TSB direta,0.0,18741,38231806.54,38231806.54
2024,1354,False,Sem exposicao TSB direta,0.0,18694,67635364.07,67635364.07
2024,6463,False,Sem exposicao TSB direta,0.0,18485,134733252.07,134733252.07
2024,8292,False,Sem exposicao TSB direta,0.0,18279,41257662.56,41257662.56
2024,6613,False,Sem exposicao TSB direta,0.0,18242,155162237.4,155162237.4
2024,9521,False,Sem exposicao TSB direta,0.0,18239,39462790.68,39462790.68
2024,4684,False,Sem exposicao TSB direta,0.0,18216,125100333.45,125100333.45
2024,2840,False,Sem exposicao TSB direta,0.0,18204,101092720.69,101092720.69
2024,4671,False,Sem exposicao TSB direta,0.0,18189,47789046.98,47789046.98
2024,2212,False,Sem exposicao TSB direta,0.0,18175,49936462.91,49936462.91
2024,3041,False,Sem exposicao TSB direta,0.0,17946,196788072.53,196788072.53
2024,7294,False,Sem exposicao TSB direta,0.0,17766,119364765.19,119364765.19
2024,4692,False,Sem exposicao TSB direta,0.0,17636,78103911.22,78103911.22
2024,1623,False,Sem exposicao TSB direta,0.0,17564,43629078.88,43629078.88
2024,9493,False,Sem exposicao TSB direta,0.0,17458,70005895.65,70005895.65
2024,2943,False,Sem exposicao TSB direta,0.0,17451,89513585.94,89513585.94
2024,2622,False,Sem exposicao TSB direta,0.0,17440,72276073.1,72276073.1
2024,9001,False,Sem exposicao TSB direta,0.0,17134,50556365.519999996,50556365.519999996
2024,2944,False,Sem exposicao TSB direta,0.0,16946,85380296.19,85380296.19
2024,3512,False,Sem exposicao TSB direta,0.0,16912,162762672.46,162762672.46
2024,3821,False,Sem exposicao TSB direta,0.0,16823,51676509.78,51676509.78
2024,2813,False,Sem exposicao TSB direta,0.0,16743,75293795.06,75293795.06
2024,3832,False,Sem exposicao TSB direta,0.0,16680,42816940.85,42816940.85
2024,1095,False,Sem exposicao TSB direta,0.0,16622,52043423.29,52043423.29
2024,2640,False,Sem exposicao TSB direta,0.0,16444,74458788.67999999,74458788.67999999
2024,5811,False,Sem exposicao TSB direta,0.0,16407,106179418.1,106179418.1
2024,8720,False,Sem exposicao TSB direta,0.0,16394,49203205.94,49203205.94
2024,1081,False,Sem exposicao TSB direta,0.0,16383,59695967.449999996,59695967.449999996
2024,3292,False,Sem exposicao TSB direta,0.0,16327,41201125.18,41201125.18
2024,3312,False,Sem exposicao TSB direta,0.0,16235,70502359.79,70502359.79
2024,3319,False,Sem exposicao TSB direta,0.0,16066,52710834.94,52710834.94
2024,1636,False,Sem exposicao TSB direta,0.0,16020,44164594.39,44164594.39
2024,1811,False,Sem exposicao TSB direta,0.0,15912,56717859.61,56717859.61
2024,2223,False,Sem exposicao TSB direta,0.0,15821,66418224.64,66418224.64
2024,6399,False,Sem exposicao TSB direta,0.0,15261,45169701.75,45169701.75
2024,4662,False,Sem exposicao TSB direta,0.0,15163,91552148.26,91552148.26
2024,4652,False,Sem exposicao TSB direta,0.0,15157,117443247.86,117443247.86
2024,6493,False,Sem exposicao TSB direta,0.0,15129,99790428.74,99790428.74
2024,3839,False,Sem exposicao TSB direta,0.0,14623,39749012.16,39749012.16
2024,1051,False,Sem exposicao TSB direta,0.0,14566,45108826.589999996,45108826.589999996
2024,7719,False,Sem exposicao TSB direta,0.0,14529,50849100.08,50849100.08
2024,4618,False,Sem exposicao TSB direta,0.0,14468,54056205.71,54056205.71
2024,2812,False,Sem exposicao TSB direta,0.0,14306,81655310.58,81655310.58
2024,5914,False,Sem exposicao TSB direta,0.0,14297,28212259.64,28212259.64
2024,6511,False,Sem exposicao TSB direta,0.0,14021,118644419.96000001,118644419.96000001
2024,9319,False,Sem exposicao TSB direta,0.0,13995,55506940.199999996,55506940.199999996
2024,3240,False,Sem exposicao TSB direta,0.0,13980,39616836.09,39616836.09
2024,2412,False,Sem exposicao TSB direta,0.0,13966,75093067.88,75093067.88
2024,1422,False,Sem exposicao TSB direta,0.0,13768,36519161.97,36519161.97
2024,2452,False,Sem exposicao TSB direta,0.0,13754,56802693.0,56802693.0
2024,2950,False,Sem exposicao TSB direta,0.0,13489,37545607.78,37545607.78
2024,3316,False,Sem exposicao TSB direta,0.0,13476,91632265.03,91632265.03
2024,4617,False,Sem exposicao TSB direta,0.0,13465,34019525.27,34019525.27
2024,9512,False,Sem exposicao TSB direta,0.0,13399,30326829.34,30326829.34
2024,3311,False,Sem exposicao TSB direta,0.0,13111,37742314.53,37742314.53
2024,8591,False,Sem exposicao TSB direta,0.0,13064,26335916.12,26335916.12
2024,5232,False,Sem exposicao TSB direta,0.0,12941,96668108.94,96668108.94
2024,4732,False,Sem exposicao TSB direta,0.0,12890,30297765.07,30297765.07
2024,4319,False,Sem exposicao TSB direta,0.0,12814,43471495.06,43471495.06
2024,1532,False,Sem exposicao TSB direta,0.0,12804,29641598.060000002,29641598.060000002
2024,2051,False,Sem exposicao TSB direta,0.0,12632,145593175.93,145593175.93
2024,1421,False,Sem exposicao TSB direta,0.0,12585,35881144.69,35881144.69
2024,4312,False,Sem exposicao TSB direta,0.0,12556,49520189.64,49520189.64
2024,3831,False,Sem exposicao TSB direta,0.0,12399,39650422.87,39650422.87
2024,2632,False,Sem exposicao TSB direta,0.0,12252,64454094.69,64454094.69
2024,2431,False,Sem exposicao TSB direta,0.0,12235,58874138.03,58874138.03
2024,7111,False,Sem exposicao TSB direta,0.0,12075,36170888.82,36170888.82
2024,7729,False,Sem exposicao TSB direta,0.0,12043,28488959.71,28488959.71
2024,7723,False,Sem exposicao TSB direta,0.0,11966,23248911.48,23248911.48
2024,2814,False,Sem exposicao TSB direta,0.0,11900,74459297.74,74459297.74
2024,7420,False,Sem exposicao TSB direta,0.0,11854,24979937.13,24979937.13
2024,4665,False,Sem exposicao TSB direta,0.0,11602,43945782.93,43945782.93
2024,3211,False,Sem exposicao TSB direta,0.0,11520,36943429.32,36943429.32
2024,2815,False,Sem exposicao TSB direta,0.0,11515,69556208.18,69556208.18
2024,4664,False,Sem exposicao TSB direta,0.0,11507,89128739.74000001,89128739.74000001
2024,2942,False,Sem exposicao TSB direta,0.0,11138,68214456.75,68214456.75
2024,2122,False,Sem exposicao TSB direta,0.0,11129,77324009.6,77324009.6
2024,1032,False,Sem exposicao TSB direta,0.0,10978,29716639.06,29716639.06
2024,1414,False,Sem exposicao TSB direta,0.0,10900,25707111.15,25707111.15
2024,3812,False,Sem exposicao TSB direta,0.0,10772,28576768.12,28576768.12
2024,4785,False,Sem exposicao TSB direta,0.0,10732,22768063.17,22768063.17
2024,2740,False,Sem exposicao TSB direta,0.0,10713,33490585.24,33490585.24
2024,5822,False,Sem exposicao TSB direta,0.0,10608,58347240.26,58347240.26
2024,8592,False,Sem exposicao TSB direta,0.0,10421,31057172.43,31057172.43
2024,4621,False,Sem exposicao TSB direta,0.0,10409,43267061.519999996,43267061.519999996
2024,1064,False,Sem exposicao TSB direta,0.0,10327,29452505.58,29452505.58
2024,8991,False,Sem exposicao TSB direta,0.0,10279,43585378.95,43585378.95
2024,5021,False,Sem exposicao TSB direta,0.0,10243,47750826.94,47750826.94
2024,7320,False,Sem exposicao TSB direta,0.0,10188,78390131.52,78390131.52
2024,1111,False,Sem exposicao TSB direta,0.0,10145,37914569.72,37914569.72
2024,1821,False,Sem exposicao TSB direta,0.0,10112,31422866.06,31422866.06
2024,2621,False,Sem exposicao TSB direta,0.0,10049,57539427.37,57539427.37
2024,1042,False,Sem exposicao TSB direta,0.0,10009,80352865.34,80352865.34
2024,5911,False,Sem exposicao TSB direta,0.0,9965,50681984.98,50681984.98
2024,4643,False,Sem exposicao TSB direta,0.0,9733,36576700.54,36576700.54
2024,1822,False,Sem exposicao TSB direta,0.0,9595,25956882.23,25956882.23
2024,1065,False,Sem exposicao TSB direta,0.0,9514,43667610.76,43667610.76
2024,5829,False,Sem exposicao TSB direta,0.0,9288,30203670.83,30203670.83
2024,3092,False,Sem exposicao TSB direta,0.0,9280,29771710.99,29771710.99
2024,1313,False,Sem exposicao TSB direta,0.0,9202,30778157.2,30778157.2
2024,2341,False,Sem exposicao TSB direta,0.0,9159,45585815.42,45585815.42
2024,6630,False,Sem exposicao TSB direta,0.0,9149,117695050.58,117695050.58
2024,1529,False,Sem exposicao TSB direta,0.0,9101,18747742.21,18747742.21
2024,2449,False,Sem exposicao TSB direta,0.0,9041,45240933.24,45240933.24
2024,7731,False,Sem exposicao TSB direta,0.0,9004,20468055.12,20468055.12
2024,2722,False,Sem exposicao TSB direta,0.0,8991,39239581.83,39239581.83
2024,3702,False,Sem exposicao TSB direta,0.0,8806,24578264.02,24578264.02
2024,3701,False,Sem exposicao TSB direta,0.0,8729,37668184.14,37668184.14
2024,2541,False,Sem exposicao TSB direta,0.0,8650,44833738.74,44833738.74
2024,1812,False,Sem exposicao TSB direta,0.0,8638,53713457.25,53713457.25
2024,2732,False,Sem exposicao TSB direta,0.0,8624,35865126.15,35865126.15
2024,6436,False,Sem exposicao TSB direta,0.0,8431,93770182.92,93770182.92
2024,1423,False,Sem exposicao TSB direta,0.0,8420,25037940.16,25037940.16
2024,3291,False,Sem exposicao TSB direta,0.0,8420,31524338.63,31524338.63
2024,5821,False,Sem exposicao TSB direta,0.0,8369,44844410.160000004,44844410.160000004
2024,5222,False,Sem exposicao TSB direta,0.0,8312,20917222.86,20917222.86
2024,2392,False,Sem exposicao TSB direta,0.0,8176,30352821.91,30352821.91
2024,3212,False,Sem exposicao TSB direta,0.0,8122,19515708.05,19515708.05
2024,5112,False,Sem exposicao TSB direta,0.0,8119,73367222.55,73367222.55
2024,3103,False,Sem exposicao TSB direta,0.0,8065,21586780.01,21586780.01
2024,1922,False,Sem exposicao TSB direta,0.0,7973,47787142.07,47787142.07
2024,5612,False,Sem exposicao TSB direta,0.0,7956,13288754.29,13288754.29
2024,2851,False,Sem exposicao TSB direta,0.0,7930,79538218.22,79538218.22
2024,7990,False,Sem exposicao TSB direta,0.0,7854,25748366.96,25748366.96
2024,3221,False,Sem exposicao TSB direta,0.0,7747,18038160.87,18038160.87
2024,2550,False,Sem exposicao TSB direta,0.0,7741,41649874.54,41649874.54
2024,2854,False,Sem exposicao TSB direta,0.0,7735,53350748.24,53350748.24
2024,3213,False,Sem exposicao TSB direta,0.0,7584,14991437.64,14991437.64
2024,2521,False,Sem exposicao TSB direta,0.0,7478,29176627.59,29176627.59
2024,7312,False,Sem exposicao TSB direta,0.0,7450,76277448.68,76277448.68
2024,1352,False,Sem exposicao TSB direta,0.0,7438,24256035.47,24256035.47
2024,6541,False,Sem exposicao TSB direta,0.0,7426,83857906.19,83857906.19
2024,2853,False,Sem exposicao TSB direta,0.0,7316,38924888.0,38924888.0
2024,2631,False,Sem exposicao TSB direta,0.0,7268,33372679.35,33372679.35
2024,2831,False,Sem exposicao TSB direta,0.0,7214,48947933.67,48947933.67
2024,3822,False,Sem exposicao TSB direta,0.0,7099,25165242.36,25165242.36
2024,2092,False,Sem exposicao TSB direta,0.0,7091,31240598.75,31240598.75
2024,2861,False,Sem exposicao TSB direta,0.0,7051,33529942.26,33529942.26
2024,1112,False,Sem exposicao TSB direta,0.0,6963,27333316.26,27333316.26
2024,4940,False,Sem exposicao TSB direta,0.0,6932,141637411.37,141637411.37
2024,4543,False,Sem exposicao TSB direta,0.0,6739,12871970.7,12871970.7
2024,8916,False,Sem exposicao TSB direta,0.0,6715,39412358.699999996,39412358.699999996
2024,2852,False,Sem exposicao TSB direta,0.0,6690,36509746.96,36509746.96
2024,6520,False,Sem exposicao TSB direta,0.0,6516,52022141.28,52022141.28
2024,1598,False,Sem exposicao TSB direta,0.0,6501,14143629.81,14143629.81
2024,9311,False,Sem exposicao TSB direta,0.0,6312,15702454.55,15702454.55
2024,2824,False,Sem exposicao TSB direta,0.0,6265,27439754.5,27439754.5
2024,4311,False,Sem exposicao TSB direta,0.0,6113,14970849.59,14970849.59
2024,2091,False,Sem exposicao TSB direta,0.0,5996,31422533.48,31422533.48
2024,1164,False,Sem exposicao TSB direta,0.0,5965,18372986.79,18372986.79
2024,1220,False,Sem exposicao TSB direta,0.0,5913,35652849.300000004,35652849.300000004
2024,2209,False,Sem exposicao TSB direta,0.0,5878,13640323.02,13640323.02
2024,2660,False,Sem exposicao TSB direta,0.0,5860,27963364.68,27963364.68
2024,4636,False,Sem exposicao TSB direta,0.0,5845,32859919.42,32859919.42
2024,2821,False,Sem exposicao TSB direta,0.0,5827,22965249.12,22965249.12
2024,1210,False,Sem exposicao TSB direta,0.0,5788,34144959.57,34144959.57
2024,3116,False,Sem exposicao TSB direta,0.0,5673,14539919.870000001,14539919.870000001
2024,4223,False,Sem exposicao TSB direta,0.0,5564,25372835.37,25372835.37
2024,2811,False,Sem exposicao TSB direta,0.0,5525,42087629.93,42087629.93
2024,8924,False,Sem exposicao TSB direta,0.0,5460,15152472.16,15152472.16
2024,3230,False,Sem exposicao TSB direta,0.0,5429,15514828.94,15514828.94
2024,7219,False,Sem exposicao TSB direta,0.0,5403,37641204.43,37641204.43
2024,1312,False,Sem exposicao TSB direta,0.0,5316,11988528.559999999,11988528.559999999
2024,1072,False,Sem exposicao TSB direta,0.0,5180,16774470.55,16774470.55
2024,9102,False,Sem exposicao TSB direta,0.0,5178,18251681.24,18251681.24
2024,9492,False,Sem exposicao TSB direta,0.0,5128,25361166.22,25361166.22
2024,4512,False,Sem exposicao TSB direta,0.0,5095,12617391.04,12617391.04
2024,2443,False,Sem exposicao TSB direta,0.0,5076,29554590.77,29554590.77
2024,7410,False,Sem exposicao TSB direta,0.0,5066,16293890.73,16293890.73
2024,4291,False,Sem exposicao TSB direta,0.0,5063,22032403.07,22032403.07
2024,4613,False,Sem exposicao TSB direta,0.0,4939,10694035.39,10694035.39
2024,6629,False,Sem exposicao TSB direta,0.0,4928,27673389.8,27673389.8
2024,7220,False,Sem exposicao TSB direta,0.0,4768,26736534.79,26736534.79
2024,1063,False,Sem exposicao TSB direta,0.0,4674,12669557.01,12669557.01
2024,4674,False,Sem exposicao TSB direta,0.0,4661,14881544.85,14881544.85
2024,4756,False,Sem exposicao TSB direta,0.0,4637,9843276.68,9843276.68
2024,3513,False,Sem exposicao TSB direta,0.0,4630,107212261.66,107212261.66
2024,3012,False,Sem exposicao TSB direta,0.0,4617,14340742.81,14340742.81
2024,6621,False,Sem exposicao TSB direta,0.0,4546,14700649.870000001,14700649.870000001
2024,6431,False,Sem exposicao TSB direta,0.0,4457,76650164.66,76650164.66
2024,2110,False,Sem exposicao TSB direta,0.0,4455,31784613.44,31784613.44
2024,1314,False,Sem exposicao TSB direta,0.0,4454,14233072.79,14233072.79
2024,9900,False,Sem exposicao TSB direta,0.0,4449,43190362.650000006,43190362.650000006
2024,7721,False,Sem exposicao TSB direta,0.0,4402,10244126.49,10244126.49
2024,1353,False,Sem exposicao TSB direta,0.0,4380,12457881.82,12457881.82
2024,5812,False,Sem exposicao TSB direta,0.0,4351,18479035.88,18479035.88
2024,2825,False,Sem exposicao TSB direta,0.0,4274,21176764.67,21176764.67
2024,2832,False,Sem exposicao TSB direta,0.0,4269,21639556.28,21639556.28
2024,7912,False,Sem exposicao TSB direta,0.0,4163,17954148.2,17954148.2
2024,2531,False,Sem exposicao TSB direta,0.0,4097,21817155.02,21817155.02
2024,9904,False,Sem exposicao TSB direta,0.0,4032,20668432.22,20668432.22
2024,4614,False,Sem exposicao TSB direta,0.0,4001,19672229.24,19672229.24
2024,1043,False,Sem exposicao TSB direta,0.0,3778,17496185.0,17496185.0
2024,8622,False,Sem exposicao TSB direta,0.0,3758,9260802.6,9260802.6
2024,5091,False,Sem exposicao TSB direta,0.0,3722,11046719.74,11046719.74
2024,2073,False,Sem exposicao TSB direta,0.0,3690,20511285.57,20511285.57
2024,5011,False,Sem exposicao TSB direta,0.0,3688,42531969.34,42531969.34
2024,6492,False,Sem exposicao TSB direta,0.0,3683,23724869.68,23724869.68
2024,2522,False,Sem exposicao TSB direta,0.0,3633,21521221.03,21521221.03
2024,6022,False,Sem exposicao TSB direta,0.0,3565,32018383.83,32018383.83
2024,9999,False,Sem exposicao TSB direta,0.0,3516,29685476.61,29685476.61
2024,2865,False,Sem exposicao TSB direta,0.0,3504,30015165.61,30015165.61
2024,6433,False,Sem exposicao TSB direta,0.0,3434,133367420.36,133367420.36
2024,5003,False,Sem exposicao TSB direta,0.0,3355,18568102.34,18568102.34
2024,4611,False,Sem exposicao TSB direta,0.0,3333,11527713.59,11527713.59
2024,6410,False,Sem exposicao TSB direta,0.0,3221,98122544.68,98122544.68
2024,6542,False,Sem exposicao TSB direta,0.0,3211,28744866.07,28744866.07
2024,2040,False,Sem exposicao TSB direta,0.0,3135,13877421.39,13877421.39
2024,4616,False,Sem exposicao TSB direta,0.0,3112,10930871.16,10930871.16
2024,9103,False,Sem exposicao TSB direta,0.0,3074,12221764.57,12221764.57
2024,4612,False,Sem exposicao TSB direta,0.0,2950,13384463.459999999,13384463.459999999
2024,5239,False,Sem exposicao TSB direta,0.0,2914,21209730.52,21209730.52
2024,1082,False,Sem exposicao TSB direta,0.0,2893,15300889.66,15300889.66
2024,4615,False,Sem exposicao TSB direta,0.0,2862,9431093.27,9431093.27
2024,3031,False,Sem exposicao TSB direta,0.0,2820,26025007.67,26025007.67
2024,2721,False,Sem exposicao TSB direta,0.0,2810,12208947.17,12208947.17
2024,2866,False,Sem exposicao TSB direta,0.0,2741,12134150.53,12134150.53
2024,6491,False,Sem exposicao TSB direta,0.0,2706,10294300.29,10294300.29
2024,2052,False,Sem exposicao TSB direta,0.0,2682,12777328.31,12777328.31
2024,6611,False,Sem exposicao TSB direta,0.0,2668,34854734.54,34854734.54
2024,3042,False,Sem exposicao TSB direta,0.0,2661,21826001.58,21826001.58
2024,9003,False,Sem exposicao TSB direta,0.0,2559,10249291.03,10249291.03
2024,2864,False,Sem exposicao TSB direta,0.0,2491,11463589.23,11463589.23
2024,2072,False,Sem exposicao TSB direta,0.0,2490,15582695.24,15582695.24
2024,2123,False,Sem exposicao TSB direta,0.0,2469,13524012.25,13524012.25
2024,5813,False,Sem exposicao TSB direta,0.0,2377,15529622.23,15529622.23
2024,2439,False,Sem exposicao TSB direta,0.0,2335,9242516.959999999,9242516.959999999
2024,5022,False,Sem exposicao TSB direta,0.0,2280,6527804.86,6527804.86
2024,9101,False,Sem exposicao TSB direta,0.0,2185,8188198.62,8188198.62
2024,3099,False,Sem exposicao TSB direta,0.0,2146,8112699.36,8112699.36
2024,3315,False,Sem exposicao TSB direta,0.0,2098,7323129.47,7323129.47
2024,1148,False,Sem exposicao TSB direta,0.0,2079,4094296.7,4094296.7
2024,6141,False,Sem exposicao TSB direta,0.0,1968,5731244.38,5731244.38
2024,5819,False,Sem exposicao TSB direta,0.0,1956,4652584.93,4652584.93
2024,6450,False,Sem exposicao TSB direta,0.0,1929,18098977.83,18098977.83
2024,2652,False,Sem exposicao TSB direta,0.0,1904,5380618.159999999,5380618.159999999
2024,6435,False,Sem exposicao TSB direta,0.0,1797,22275466.72,22275466.72
2024,9200,False,Sem exposicao TSB direta,0.0,1783,13524602.99,13524602.99
2024,6434,False,Sem exposicao TSB direta,0.0,1695,22121245.87,22121245.87
2024,3900,False,Sem exposicao TSB direta,0.0,1692,5411271.11,5411271.11
2024,5920,False,Sem exposicao TSB direta,0.0,1658,9563428.290000001,9563428.290000001
2024,5120,False,Sem exposicao TSB direta,0.0,1639,13559144.55,13559144.55
2024,7235,False,Sem exposicao TSB direta,0.0,1621,6149492.31,6149492.31
2024,2863,False,Sem exposicao TSB direta,0.0,1557,8984076.15,8984076.15
2024,5912,False,Sem exposicao TSB direta,0.0,1554,4571340.55,4571340.55
2024,3220,False,Sem exposicao TSB direta,0.0,1535,4381579.3,4381579.3
2024,2442,False,Sem exposicao TSB direta,0.0,1527,10126294.280000001,10126294.280000001
2024,5099,False,Sem exposicao TSB direta,0.0,1462,4424536.21,4424536.21
2024,1830,False,Sem exposicao TSB direta,0.0,1456,8517228.01,8517228.01
2024,1322,False,Sem exposicao TSB direta,0.0,1437,3347528.2,3347528.2
2024,5913,False,Sem exposicao TSB direta,0.0,1374,16168927.89,16168927.89
2024,6130,False,Sem exposicao TSB direta,0.0,1287,13787281.54,13787281.54
2024,3530,False,Sem exposicao TSB direta,0.0,1277,8024314.28,8024314.28
2024,6461,False,Sem exposicao TSB direta,0.0,1261,12682422.86,12682422.86
2024,3032,False,Sem exposicao TSB direta,0.0,1119,7544729.25,7544729.25
2024,6391,False,Sem exposicao TSB direta,0.0,1085,6232536.1899999995,6232536.1899999995
2024,8932,False,Sem exposicao TSB direta,0.0,1043,3661703.38,3661703.38
2024,4762,False,Sem exposicao TSB direta,0.0,1034,1968534.52,1968534.52
2024,9700,False,Sem exposicao TSB direta,0.0,968,1519164.56,1519164.56
2024,2670,False,Sem exposicao TSB direta,0.0,787,3854052.05,3854052.05
2024,7227,False,Sem exposicao TSB direta,0.0,742,2550644.23,2550644.23
2024,5823,False,Sem exposicao TSB direta,0.0,706,3245549.9299999997,3245549.9299999997
2024,5012,False,Sem exposicao TSB direta,0.0,702,10631727.950000001,10631727.950000001
2024,9002,False,Sem exposicao TSB direta,0.0,667,1957777.1400000001,1957777.1400000001
2024,6530,False,Sem exposicao TSB direta,0.0,649,12564257.8,12564257.8
2024,2094,False,Sem exposicao TSB direta,0.0,599,6249764.85,6249764.85
2024,4542,False,Sem exposicao TSB direta,0.0,551,1027722.68,1027722.68
2024,3124,False,Sem exposicao TSB direta,0.0,514,1105221.23,1105221.23
2024,6437,False,Sem exposicao TSB direta,0.0,505,1864227.5899999999,1864227.5899999999
2024,6432,False,Sem exposicao TSB direta,0.0,503,12723168.95,12723168.95
2024,6438,False,Sem exposicao TSB direta,0.0,490,5023367.68,5023367.68
2024,7251,False,Sem exposicao TSB direta,0.0,374,4780917.15,4780917.15
2024,1910,False,Sem exposicao TSB direta,0.0,309,2987147.95,2987147.95
2024,7722,False,Sem exposicao TSB direta,0.0,243,340194.66,340194.66
2024,6440,False,Sem exposicao TSB direta,0.0,232,2954468.08,2954468.08
2024,6143,False,Sem exposicao TSB direta,0.0,202,811226.03,811226.03
2024,8030,False,Sem exposicao TSB direta,0.0,177,675453.9,675453.9
2024,4950,False,Sem exposicao TSB direta,0.0,157,418357.66000000003,418357.66000000003
2024,8421,False,Sem exposicao TSB direta,0.0,106,872863.4400000001,872863.4400000001
2024,1709,False,Sem exposicao TSB direta,0.0,45,70195.27,70195.27
2024,2680,False,Sem exposicao TSB direta,0.0,11,31966.92,31966.92
2024,5130,False,Sem exposicao TSB direta,0.0,7,132324.34,132324.34
2024,3050,False,Sem exposicao TSB direta,0.0,1,4424.88,4424.88
2024,6470,False,Sem exposicao TSB direta,0.0,1,0.0,0.0
