tipo_registro,nome,natureza_ou_regra,criterio_classificacao,uso_relatorio,interpretacao
Criterio de robustez,TSB,A CNAE aparece na Taxonomia Sustentável Brasileira.,Critério principal.,,Representa a exposição produtiva da indústria à referência nacional central do estudo.
Criterio de robustez,Pelo menos 2 fontes,A CNAE aparece em pelo menos duas referências nacionais ou internacionais.,Robustez intermediária.,,Exige alguma convergência documental além de uma fonte isolada.
Criterio de robustez,Pelo menos 3 fontes,A CNAE aparece em pelo menos três referências nacionais ou internacionais.,Robustez mais restritiva.,,Exige maior validação documental e reduz a possibilidade de classificação excessivamente ampla.
Fonte,Taxonomia Sustentável Brasileira — TSB,Taxonomia nacional de referência,"Atividades, ativos e projetos são enquadrados por contribuição substancial, ausência de dano relevante aos demais objetivos, salvaguardas mínimas e critérios técnicos setoriais.",Critério principal do relatório.,
Fonte,Taxonomia Verde da FEBRABAN,Taxonomia setorial do sistema financeiro,"Classifica atividades econômicas por contribuição à sustentabilidade e exposição a riscos ambientais, seguindo a estrutura da CNAE.",Fonte complementar e critério de robustez.,
Fonte,Taxonomia da União Europeia,Taxonomia regulatória internacional,"Atividades devem contribuir substancialmente para objetivos ambientais, não causar dano significativo aos demais objetivos, cumprir salvaguardas mínimas e atender critérios técnicos.",Referência internacional para validação conceitual.,
Fonte,Climate Bonds Taxonomy / Climate Bonds Initiative,Referência internacional de finanças climáticas,"Identifica ativos, projetos e atividades necessários à economia de baixo carbono, com critérios setoriais e climáticos compatíveis com trajetórias de transição.",Fonte complementar para atividades e projetos de baixo carbono.,
Fonte,Referências nacionais de política climática e industrial,Planos e documentos técnicos nacionais,"Identificam setores, cadeias, tecnologias e instrumentos associados à mitigação, adaptação, eficiência energética, economia circular e descarbonização.",Apoio contextual para interpretar prioridades nacionais.,
Fonte,Literatura técnica sobre descarbonização setorial,Estudos técnicos e acadêmicos,"Classifica setores e tecnologias por potencial de redução de emissões, papel em cadeias de baixo carbono, tecnologias habilitadoras e atividades de transição.","Apoio para setores heterogêneos, como mineração, metalurgia, químicos, energia, construção e saneamento.",
